1,1,3,1,1,1,True,0.01,True,0.01,True,0.01,65.52,62.07,62.07,48.28,62.07,58.62,62.07,55.17,62.07,51.72,62.07,58.62,34.48,48.28,58.62,3.45,58.62,48.28,27.59,13.79,27.59,48.28,44.83,34.48
2,1,3,1,1,1,True,0.05,True,0.05,True,0.05,65.52,62.07,62.07,48.28,62.07,58.62,62.07,55.17,62.07,51.72,62.07,58.62,24.14,10.34,37.93,10.34,48.28,31.03,44.83,13.79,24.14,24.14,31.03,34.48
3,1,3,1,1,1,True,0.1,True,0.1,True,0.1,65.52,62.07,62.07,48.28,62.07,58.62,62.07,55.17,62.07,51.72,62.07,58.62,6.9,34.48,34.48,13.79,3.45,10.34,17.24,20.69,6.9,17.24,17.24,37.93
4,1,3,1,1,1,True,0.5,True,0.5,True,0.5,65.52,62.07,62.07,48.28,62.07,58.62,62.07,55.17,62.07,51.72,62.07,58.62,58.62,37.93,48.28,48.28,51.72,55.17,55.17,44.83,58.62,58.62,55.17,51.72
5,1,3,1,1,1,True,1,True,1,True,1,65.52,62.07,62.07,48.28,62.07,58.62,62.07,55.17,62.07,51.72,62.07,58.62,55.17,51.72,51.72,55.17,58.62,58.62,58.62,55.17,48.28,58.62,48.28,58.62
6,1,3,1,1,1,True,5,True,5,True,5,65.52,62.07,62.07,48.28,62.07,58.62,62.07,55.17,62.07,51.72,62.07,58.62,62.07,65.52,48.28,58.62,58.62,58.62,62.07,51.72,62.07,72.41,58.62,58.62
7,1,3,1,1,1,True,10,True,10,True,10,65.52,62.07,62.07,48.28,62.07,58.62,62.07,55.17,62.07,51.72,62.07,58.62,58.62,48.28,44.83,34.48,55.17,65.52,58.62,58.62,62.07,62.07,62.07,68.97
8,1,3,1,2,1,True,0.01,True,0.01,True,0.01,65.52,62.07,62.07,48.28,62.07,58.62,62.07,55.17,62.07,51.72,62.07,58.62,10.34,3.45,3.45,10.34,6.9,10.34,3.45,24.14,13.79,3.45,6.9,17.24
9,1,3,1,2,1,True,0.05,True,0.05,True,0.05,65.52,62.07,62.07,48.28,62.07,58.62,62.07,55.17,62.07,51.72,62.07,58.62,34.48,24.14,13.79,10.34,3.45,17.24,10.34,24.14,31.03,10.34,6.9,20.69
10,1,3,1,2,1,True,0.1,True,0.1,True,0.1,65.52,62.07,62.07,48.28,62.07,58.62,62.07,55.17,62.07,51.72,62.07,58.62,37.93,13.79,34.48,10.34,10.34,20.69,10.34,17.24,17.24,13.79,6.9,13.79
11,1,3,1,2,1,True,0.5,True,0.5,True,0.5,65.52,62.07,62.07,48.28,62.07,58.62,62.07,55.17,62.07,51.72,62.07,58.62,68.97,65.52,37.93,62.07,62.07,62.07,65.52,58.62,62.07,62.07,62.07,48.28
12,1,3,1,2,1,True,1,True,1,True,1,65.52,62.07,62.07,48.28,62.07,58.62,62.07,55.17,62.07,51.72,62.07,58.62,58.62,37.93,55.17,62.07,55.17,58.62,65.52,44.83,55.17,62.07,58.62,48.28
13,1,3,1,2,1,True,5,True,5,True,5,65.52,62.07,62.07,48.28,62.07,58.62,62.07,55.17,62.07,51.72,62.07,58.62,58.62,41.38,55.17,17.24,62.07,62.07,58.62,51.72,51.72,62.07,58.62,55.17
14,1,3,1,2,1,True,10,True,10,True,10,65.52,62.07,62.07,48.28,62.07,58.62,62.07,55.17,62.07,51.72,62.07,58.62,62.07,31.03,51.72,34.48,55.17,58.62,58.62,41.38,55.17,41.38,58.62,55.17
15,1,3,1,3,1,True,0.01,True,0.01,True,0.01,65.52,62.07,62.07,48.28,62.07,58.62,62.07,55.17,62.07,51.72,62.07,58.62,31.03,24.14,13.79,3.45,10.34,31.03,34.48,34.48,37.93,17.24,3.45,6.9
16,1,3,1,3,1,True,0.05,True,0.05,True,0.05,65.52,62.07,62.07,48.28,62.07,58.62,62.07,55.17,62.07,51.72,62.07,58.62,37.93,34.48,20.69,31.03,10.34,37.93,6.9,10.34,20.69,10.34,31.03,31.03
17,1,3,1,3,1,True,0.1,True,0.1,True,0.1,65.52,62.07,62.07,48.28,62.07,58.62,62.07,55.17,62.07,51.72,62.07,58.62,13.79,10.34,10.34,3.45,10.34,17.24,10.34,10.34,13.79,3.45,3.45,10.34
18,1,3,1,3,1,True,0.5,True,0.5,True,0.5,65.52,62.07,62.07,48.28,62.07,58.62,62.07,55.17,62.07,51.72,62.07,58.62,3.45,17.24,62.07,3.45,6.9,10.34,24.14,34.48,10.34,3.45,6.9,6.9
19,1,3,1,3,1,True,1,True,1,True,1,65.52,62.07,62.07,48.28,62.07,58.62,62.07,55.17,62.07,51.72,62.07,58.62,27.59,10.34,17.24,10.34,13.79,6.9,37.93,37.93,24.14,13.79,10.34,13.79
20,1,3,1,3,1,True,5,True,5,True,5,65.52,62.07,62.07,48.28,62.07,58.62,62.07,55.17,62.07,51.72,62.07,58.62,41.38,41.38,44.83,13.79,58.62,55.17,51.72,44.83,44.83,34.48,41.38,17.24
21,1,3,1,3,1,True,10,True,10,True,10,65.52,62.07,62.07,48.28,62.07,58.62,62.07,55.17,62.07,51.72,62.07,58.62,44.83,34.48,37.93,62.07,20.69,51.72,58.62,37.93,41.38,62.07,55.17,55.17
22,1,3,1,1,2,True,0.01,True,0.01,True,0.01,65.52,62.07,62.07,48.28,62.07,58.62,62.07,55.17,62.07,51.72,62.07,58.62,17.24,41.38,24.14,37.93,62.07,27.59,17.24,10.34,24.14,10.34,10.34,20.69
23,1,3,1,1,2,True,0.05,True,0.05,True,0.05,65.52,62.07,62.07,48.28,62.07,58.62,62.07,55.17,62.07,51.72,62.07,58.62,27.59,24.14,51.72,62.07,3.45,37.93,13.79,17.24,31.03,13.79,10.34,3.45
24,1,3,1,1,2,True,0.1,True,0.1,True,0.1,65.52,62.07,62.07,48.28,62.07,58.62,62.07,55.17,62.07,51.72,62.07,58.62,6.9,6.9,17.24,10.34,13.79,34.48,37.93,48.28,10.34,41.38,37.93,17.24
25,1,3,1,1,2,True,0.5,True,0.5,True,0.5,65.52,62.07,62.07,48.28,62.07,58.62,62.07,55.17,62.07,51.72,62.07,58.62,55.17,41.38,48.28,58.62,51.72,65.52,62.07,58.62,48.28,65.52,62.07,31.03
26,1,3,1,1,2,True,1,True,1,True,1,65.52,62.07,62.07,48.28,62.07,58.62,62.07,55.17,62.07,51.72,62.07,58.62,51.72,41.38,41.38,10.34,62.07,51.72,41.38,51.72,44.83,58.62,58.62,51.72
27,1,3,1,1,2,True,5,True,5,True,5,65.52,62.07,62.07,48.28,62.07,58.62,62.07,55.17,62.07,51.72,62.07,58.62,62.07,41.38,62.07,41.38,58.62,62.07,62.07,51.72,72.41,62.07,62.07,62.07
28,1,3,1,1,2,True,10,True,10,True,10,65.52,62.07,62.07,48.28,62.07,58.62,62.07,55.17,62.07,51.72,62.07,58.62,65.52,48.28,51.72,68.97,62.07,72.41,58.62,62.07,62.07,62.07,62.07,65.52
29,1,3,1,2,2,True,0.01,True,0.01,True,0.01,65.52,62.07,62.07,48.28,62.07,58.62,62.07,55.17,62.07,51.72,62.07,58.62,13.79,17.24,31.03,3.45,13.79,31.03,10.34,0.0,20.69,3.45,3.45,44.83
30,1,3,1,2,2,True,0.05,True,0.05,True,0.05,65.52,62.07,62.07,48.28,62.07,58.62,62.07,55.17,62.07,51.72,62.07,58.62,6.9,3.45,6.9,6.9,3.45,3.45,3.45,13.79,6.9,3.45,3.45,3.45
31,1,3,1,2,2,True,0.1,True,0.1,True,0.1,65.52,62.07,62.07,48.28,62.07,58.62,62.07,55.17,62.07,51.72,62.07,58.62,20.69,20.69,20.69,24.14,17.24,41.38,24.14,24.14,17.24,41.38,41.38,24.14
32,1,3,1,2,2,True,0.5,True,0.5,True,0.5,65.52,62.07,62.07,48.28,62.07,58.62,62.07,55.17,62.07,51.72,62.07,58.62,48.28,51.72,20.69,17.24,55.17,37.93,24.14,20.69,41.38,55.17,31.03,68.97
33,1,3,1,2,2,True,1,True,1,True,1,65.52,62.07,62.07,48.28,62.07,58.62,62.07,55.17,62.07,51.72,62.07,58.62,37.93,24.14,31.03,62.07,13.79,37.93,34.48,51.72,44.83,58.62,65.52,27.59
34,1,3,1,2,2,True,5,True,5,True,5,65.52,62.07,62.07,48.28,62.07,58.62,62.07,55.17,62.07,51.72,62.07,58.62,58.62,51.72,41.38,13.79,62.07,51.72,51.72,55.17,51.72,65.52,62.07,65.52
35,1,3,1,2,2,True,10,True,10,True,10,65.52,62.07,62.07,48.28,62.07,58.62,62.07,55.17,62.07,51.72,62.07,58.62,48.28,37.93,62.07,34.48,58.62,55.17,62.07,58.62,44.83,58.62,62.07,51.72
36,1,3,1,3,2,True,0.01,True,0.01,True,0.01,65.52,62.07,62.07,48.28,62.07,58.62,62.07,55.17,62.07,51.72,62.07,58.62,6.9,17.24,17.24,62.07,10.34,27.59,24.14,17.24,3.45,10.34,6.9,13.79
37,1,3,1,3,2,True,0.05,True,0.05,True,0.05,65.52,62.07,62.07,48.28,62.07,58.62,62.07,55.17,62.07,51.72,62.07,58.62,41.38,48.28,44.83,58.62,17.24,51.72,34.48,13.79,55.17,41.38,48.28,55.17
38,1,3,1,3,2,True,0.1,True,0.1,True,0.1,65.52,62.07,62.07,48.28,62.07,58.62,62.07,55.17,62.07,51.72,62.07,58.62,10.34,3.45,31.03,24.14,10.34,13.79,13.79,20.69,10.34,20.69,17.24,3.45
39,1,3,1,3,2,True,0.5,True,0.5,True,0.5,65.52,62.07,62.07,48.28,62.07,58.62,62.07,55.17,62.07,51.72,62.07,58.62,20.69,17.24,41.38,55.17,3.45,24.14,41.38,17.24,20.69,24.14,13.79,24.14
40,1,3,1,3,2,True,1,True,1,True,1,65.52,62.07,62.07,48.28,62.07,58.62,62.07,55.17,62.07,51.72,62.07,58.62,10.34,13.79,34.48,3.45,3.45,17.24,6.9,13.79,13.79,6.9,3.45,6.9
41,1,3,1,3,2,True,5,True,5,True,5,65.52,62.07,62.07,48.28,62.07,58.62,62.07,55.17,62.07,51.72,62.07,58.62,51.72,44.83,48.28,6.9,62.07,51.72,62.07,48.28,44.83,55.17,58.62,31.03
42,1,3,1,3,2,True,10,True,10,True,10,65.52,62.07,62.07,48.28,62.07,58.62,62.07,55.17,62.07,51.72,62.07,58.62,65.52,41.38,34.48,62.07,58.62,41.38,44.83,41.38,44.83,55.17,48.28,27.59
43,1,3,2,1,1,True,0.01,True,0.01,True,0.01,65.52,62.07,62.07,48.28,62.07,58.62,62.07,55.17,62.07,51.72,62.07,58.62,34.48,34.48,48.28,62.07,10.34,44.83,62.07,17.24,20.69,55.17,55.17,62.07
44,1,3,2,1,1,True,0.05,True,0.05,True,0.05,65.52,62.07,62.07,48.28,62.07,58.62,62.07,55.17,62.07,51.72,62.07,58.62,27.59,24.14,13.79,44.83,3.45,10.34,10.34,20.69,27.59,6.9,17.24,10.34
45,1,3,2,1,1,True,0.1,True,0.1,True,0.1,65.52,62.07,62.07,48.28,62.07,58.62,62.07,55.17,62.07,51.72,62.07,58.62,55.17,27.59,20.69,3.45,10.34,31.03,20.69,37.93,44.83,48.28,51.72,31.03
46,1,3,2,1,1,True,0.5,True,0.5,True,0.5,65.52,62.07,62.07,48.28,62.07,58.62,62.07,55.17,62.07,51.72,62.07,58.62,48.28,27.59,55.17,13.79,62.07,58.62,62.07,51.72,51.72,58.62,55.17,58.62
47,1,3,2,1,1,True,1,True,1,True,1,65.52,62.07,62.07,48.28,62.07,58.62,62.07,55.17,62.07,51.72,62.07,58.62,62.07,48.28,41.38,62.07,58.62,48.28,58.62,48.28,62.07,55.17,58.62,48.28
48,1,3,2,1,1,True,5,True,5,True,5,65.52,62.07,62.07,48.28,62.07,58.62,62.07,55.17,62.07,51.72,62.07,58.62,62.07,44.83,55.17,62.07,62.07,58.62,65.52,62.07,65.52,55.17,68.97,65.52
49,1,3,2,1,1,True,10,True,10,True,10,65.52,62.07,62.07,48.28,62.07,58.62,62.07,55.17,62.07,51.72,62.07,58.62,62.07,48.28,62.07,48.28,62.07,48.28,68.97,51.72,55.17,55.17,62.07,62.07
50,1,3,2,2,1,True,0.01,True,0.01,True,0.01,65.52,62.07,62.07,48.28,62.07,58.62,62.07,55.17,62.07,51.72,62.07,58.62,34.48,20.69,34.48,13.79,10.34,41.38,6.9,17.24,41.38,31.03,6.9,17.24
51,1,3,2,2,1,True,0.05,True,0.05,True,0.05,65.52,62.07,62.07,48.28,62.07,58.62,62.07,55.17,62.07,51.72,62.07,58.62,24.14,10.34,24.14,62.07,10.34,31.03,55.17,13.79,13.79,20.69,37.93,27.59
52,1,3,2,2,1,True,0.1,True,0.1,True,0.1,65.52,62.07,62.07,48.28,62.07,58.62,62.07,55.17,62.07,51.72,62.07,58.62,20.69,41.38,20.69,62.07,10.34,17.24,24.14,27.59,41.38,20.69,31.03,48.28
53,1,3,2,2,1,True,0.5,True,0.5,True,0.5,65.52,62.07,62.07,48.28,62.07,58.62,62.07,55.17,62.07,51.72,62.07,58.62,34.48,24.14,44.83,10.34,58.62,44.83,17.24,44.83,31.03,31.03,31.03,20.69
54,1,3,2,2,1,True,1,True,1,True,1,65.52,62.07,62.07,48.28,62.07,58.62,62.07,55.17,62.07,51.72,62.07,58.62,55.17,31.03,58.62,55.17,62.07,48.28,58.62,44.83,41.38,62.07,65.52,20.69
55,1,3,2,2,1,True,5,True,5,True,5,65.52,62.07,62.07,48.28,62.07,58.62,62.07,55.17,62.07,51.72,62.07,58.62,62.07,62.07,41.38,13.79,58.62,51.72,58.62,48.28,65.52,58.62,62.07,62.07
56,1,3,2,2,1,True,10,True,10,True,10,65.52,62.07,62.07,48.28,62.07,58.62,62.07,55.17,62.07,51.72,62.07,58.62,62.07,58.62,58.62,65.52,62.07,58.62,65.52,51.72,68.97,65.52,65.52,51.72
57,1,3,2,3,1,True,0.01,True,0.01,True,0.01,65.52,62.07,62.07,48.28,62.07,58.62,62.07,55.17,62.07,51.72,62.07,58.62,17.24,17.24,41.38,6.9,58.62,27.59,41.38,13.79,17.24,13.79,10.34,13.79
58,1,3,2,3,1,True,0.05,True,0.05,True,0.05,65.52,62.07,62.07,48.28,62.07,58.62,62.07,55.17,62.07,51.72,62.07,58.62,3.45,6.9,20.69,3.45,10.34,31.03,13.79,24.14,10.34,17.24,10.34,3.45
59,1,3,2,3,1,True,0.1,True,0.1,True,0.1,65.52,62.07,62.07,48.28,62.07,58.62,62.07,55.17,62.07,51.72,62.07,58.62,20.69,10.34,3.45,10.34,3.45,24.14,3.45,13.79,17.24,48.28,10.34,6.9
60,1,3,2,3,1,True,0.5,True,0.5,True,0.5,65.52,62.07,62.07,48.28,62.07,58.62,62.07,55.17,62.07,51.72,62.07,58.62,48.28,41.38,27.59,10.34,58.62,17.24,10.34,10.34,44.83,6.9,10.34,37.93
61,1,3,2,3,1,True,1,True,1,True,1,65.52,62.07,62.07,48.28,62.07,58.62,62.07,55.17,62.07,51.72,62.07,58.62,13.79,31.03,31.03,3.45,10.34,31.03,10.34,17.24,20.69,20.69,17.24,17.24
62,1,3,2,3,1,True,5,True,5,True,5,65.52,62.07,62.07,48.28,62.07,58.62,62.07,55.17,62.07,51.72,62.07,58.62,13.79,17.24,44.83,17.24,55.17,31.03,55.17,27.59,17.24,37.93,44.83,6.9
63,1,3,2,3,1,True,10,True,10,True,10,65.52,62.07,62.07,48.28,62.07,58.62,62.07,55.17,62.07,51.72,62.07,58.62,41.38,31.03,51.72,58.62,62.07,48.28,48.28,41.38,41.38,58.62,44.83,48.28
64,1,3,2,1,2,True,0.01,True,0.01,True,0.01,65.52,62.07,62.07,48.28,62.07,58.62,62.07,55.17,62.07,51.72,62.07,58.62,10.34,17.24,44.83,3.45,10.34,24.14,31.03,10.34,41.38,17.24,27.59,17.24
65,1,3,2,1,2,True,0.05,True,0.05,True,0.05,65.52,62.07,62.07,48.28,62.07,58.62,62.07,55.17,62.07,51.72,62.07,58.62,58.62,41.38,58.62,13.79,62.07,48.28,37.93,48.28,51.72,58.62,37.93,27.59
66,1,3,2,1,2,True,0.1,True,0.1,True,0.1,65.52,62.07,62.07,48.28,62.07,58.62,62.07,55.17,62.07,51.72,62.07,58.62,37.93,31.03,41.38,62.07,58.62,24.14,24.14,41.38,31.03,48.28,20.69,13.79
67,1,3,2,1,2,True,0.5,True,0.5,True,0.5,65.52,62.07,62.07,48.28,62.07,58.62,62.07,55.17,62.07,51.72,62.07,58.62,58.62,37.93,48.28,10.34,48.28,48.28,34.48,48.28,51.72,55.17,55.17,44.83
68,1,3,2,1,2,True,1,True,1,True,1,65.52,62.07,62.07,48.28,62.07,58.62,62.07,55.17,62.07,51.72,62.07,58.62,68.97,51.72,55.17,62.07,65.52,51.72,72.41,62.07,62.07,68.97,68.97,62.07
69,1,3,2,1,2,True,5,True,5,True,5,65.52,62.07,62.07,48.28,62.07,58.62,62.07,55.17,62.07,51.72,62.07,58.62,58.62,55.17,51.72,3.45,62.07,51.72,62.07,37.93,58.62,62.07,62.07,55.17
70,1,3,2,1,2,True,10,True,10,True,10,65.52,62.07,62.07,48.28,62.07,58.62,62.07,55.17,62.07,51.72,62.07,58.62,68.97,51.72,55.17,51.72,58.62,68.97,68.97,65.52,58.62,65.52,65.52,65.52
71,1,3,2,2,2,True,0.01,True,0.01,True,0.01,65.52,62.07,62.07,48.28,62.07,58.62,62.07,55.17,62.07,51.72,62.07,58.62,17.24,13.79,44.83,13.79,58.62,20.69,31.03,34.48,24.14,17.24,34.48,31.03
72,1,3,2,2,2,True,0.05,True,0.05,True,0.05,65.52,62.07,62.07,48.28,62.07,58.62,62.07,55.17,62.07,51.72,62.07,58.62,24.14,20.69,13.79,10.34,10.34,44.83,44.83,24.14,41.38,48.28,37.93,41.38
73,1,3,2,2,2,True,0.1,True,0.1,True,0.1,65.52,62.07,62.07,48.28,62.07,58.62,62.07,55.17,62.07,51.72,62.07,58.62,13.79,17.24,31.03,10.34,10.34,41.38,44.83,34.48,20.69,6.9,10.34,3.45
74,1,3,2,2,2,True,0.5,True,0.5,True,0.5,65.52,62.07,62.07,48.28,62.07,58.62,62.07,55.17,62.07,51.72,62.07,58.62,41.38,31.03,20.69,55.17,62.07,44.83,58.62,48.28,37.93,51.72,55.17,44.83
75,1,3,2,2,2,True,1,True,1,True,1,65.52,62.07,62.07,48.28,62.07,58.62,62.07,55.17,62.07,51.72,62.07,58.62,48.28,37.93,48.28,6.9,65.52,34.48,51.72,27.59,37.93,24.14,20.69,17.24
76,1,3,2,2,2,True,5,True,5,True,5,65.52,62.07,62.07,48.28,62.07,58.62,62.07,55.17,62.07,51.72,62.07,58.62,62.07,55.17,62.07,62.07,62.07,65.52,55.17,48.28,62.07,65.52,72.41,58.62
77,1,3,2,2,2,True,10,True,10,True,10,65.52,62.07,62.07,48.28,62.07,58.62,62.07,55.17,62.07,51.72,62.07,58.62,58.62,51.72,58.62,55.17,65.52,58.62,62.07,55.17,55.17,65.52,62.07,55.17
78,1,3,2,3,2,True,0.01,True,0.01,True,0.01,65.52,62.07,62.07,48.28,62.07,58.62,62.07,55.17,62.07,51.72,62.07,58.62,41.38,17.24,13.79,10.34,10.34,6.9,17.24,41.38,34.48,3.45,27.59,6.9
79,1,3,2,3,2,True,0.05,True,0.05,True,0.05,65.52,62.07,62.07,48.28,62.07,58.62,62.07,55.17,62.07,51.72,62.07,58.62,31.03,27.59,41.38,10.34,3.45,24.14,10.34,10.34,24.14,3.45,10.34,10.34
80,1,3,2,3,2,True,0.1,True,0.1,True,0.1,65.52,62.07,62.07,48.28,62.07,58.62,62.07,55.17,62.07,51.72,62.07,58.62,44.83,27.59,34.48,62.07,13.79,55.17,48.28,34.48,44.83,31.03,44.83,44.83
81,1,3,2,3,2,True,0.5,True,0.5,True,0.5,65.52,62.07,62.07,48.28,62.07,58.62,62.07,55.17,62.07,51.72,62.07,58.62,6.9,34.48,0.0,10.34,10.34,13.79,10.34,10.34,10.34,13.79,13.79,6.9
82,1,3,2,3,2,True,1,True,1,True,1,65.52,62.07,62.07,48.28,62.07,58.62,62.07,55.17,62.07,51.72,62.07,58.62,10.34,13.79,17.24,3.45,3.45,10.34,10.34,24.14,17.24,6.9,17.24,3.45
83,1,3,2,3,2,True,5,True,5,True,5,65.52,62.07,62.07,48.28,62.07,58.62,62.07,55.17,62.07,51.72,62.07,58.62,51.72,31.03,51.72,41.38,62.07,51.72,34.48,27.59,41.38,13.79,20.69,24.14
84,1,3,2,3,2,True,10,True,10,True,10,65.52,62.07,62.07,48.28,62.07,58.62,62.07,55.17,62.07,51.72,62.07,58.62,48.28,44.83,62.07,51.72,62.07,62.07,48.28,51.72,44.83,55.17,55.17,48.28
85,1,5,3,1,1,True,0.01,True,0.01,True,0.01,65.52,62.07,62.07,48.28,62.07,58.62,62.07,55.17,62.07,51.72,62.07,58.62,20.69,20.69,62.07,10.34,58.62,20.69,17.24,17.24,20.69,20.69,13.79,17.24
86,1,5,3,1,1,True,0.05,True,0.05,True,0.05,65.52,62.07,62.07,48.28,62.07,58.62,62.07,55.17,62.07,51.72,62.07,58.62,37.93,13.79,27.59,62.07,13.79,51.72,17.24,41.38,13.79,20.69,20.69,34.48
87,1,5,3,1,1,True,0.1,True,0.1,True,0.1,65.52,62.07,62.07,48.28,62.07,58.62,62.07,55.17,62.07,51.72,62.07,58.62,48.28,44.83,31.03,62.07,6.9,34.48,51.72,37.93,48.28,55.17,58.62,41.38
88,1,5,3,1,1,True,0.5,True,0.5,True,0.5,65.52,62.07,62.07,48.28,62.07,58.62,62.07,55.17,62.07,51.72,62.07,58.62,65.52,51.72,34.48,41.38,62.07,65.52,51.72,41.38,58.62,68.97,68.97,68.97
89,1,5,3,1,1,True,1,True,1,True,1,65.52,62.07,62.07,48.28,62.07,58.62,62.07,55.17,62.07,51.72,62.07,58.62,51.72,41.38,41.38,62.07,62.07,51.72,55.17,55.17,48.28,65.52,65.52,48.28
90,1,5,3,1,1,True,5,True,5,True,5,65.52,62.07,62.07,48.28,62.07,58.62,62.07,55.17,62.07,51.72,62.07,58.62,65.52,48.28,55.17,10.34,62.07,75.86,58.62,65.52,75.86,41.38,58.62,55.17
91,1,5,3,1,1,True,10,True,10,True,10,65.52,62.07,62.07,48.28,62.07,58.62,62.07,55.17,62.07,51.72,62.07,58.62,65.52,62.07,65.52,37.93,62.07,58.62,62.07,62.07,62.07,51.72,58.62,75.86
92,1,5,3,2,1,True,0.01,True,0.01,True,0.01,65.52,62.07,62.07,48.28,62.07,58.62,62.07,55.17,62.07,51.72,62.07,58.62,6.9,3.45,27.59,10.34,10.34,10.34,6.9,10.34,6.9,6.9,3.45,3.45
93,1,5,3,2,1,True,0.05,True,0.05,True,0.05,65.52,62.07,62.07,48.28,62.07,58.62,62.07,55.17,62.07,51.72,62.07,58.62,31.03,44.83,34.48,44.83,62.07,55.17,41.38,17.24,27.59,55.17,55.17,10.34
94,1,5,3,2,1,True,0.1,True,0.1,True,0.1,65.52,62.07,62.07,48.28,62.07,58.62,62.07,55.17,62.07,51.72,62.07,58.62,62.07,31.03,41.38,65.52,62.07,48.28,55.17,72.41,55.17,51.72,48.28,62.07
95,1,5,3,2,1,True,0.5,True,0.5,True,0.5,65.52,62.07,62.07,48.28,62.07,58.62,62.07,55.17,62.07,51.72,62.07,58.62,58.62,37.93,44.83,62.07,58.62,51.72,58.62,58.62,55.17,62.07,55.17,51.72
96,1,5,3,2,1,True,1,True,1,True,1,65.52,62.07,62.07,48.28,62.07,58.62,62.07,55.17,62.07,51.72,62.07,58.62,44.83,24.14,51.72,62.07,48.28,34.48,44.83,17.24,37.93,41.38,48.28,27.59
97,1,5,3,2,1,True,5,True,5,True,5,65.52,62.07,62.07,48.28,62.07,58.62,62.07,55.17,62.07,51.72,62.07,58.62,65.52,58.62,48.28,72.41,65.52,62.07,72.41,65.52,72.41,65.52,65.52,58.62
98,1,5,3,2,1,True,10,True,10,True,10,65.52,62.07,62.07,48.28,62.07,58.62,62.07,55.17,62.07,51.72,62.07,58.62,65.52,41.38,58.62,58.62,62.07,65.52,58.62,51.72,58.62,62.07,62.07,55.17
99,1,5,3,3,1,True,0.01,True,0.01,True,0.01,65.52,62.07,62.07,48.28,62.07,58.62,62.07,55.17,62.07,51.72,62.07,58.62,13.79,6.9,27.59,62.07,58.62,17.24,41.38,10.34,10.34,13.79,34.48,24.14
100,1,5,3,3,1,True,0.05,True,0.05,True,0.05,65.52,62.07,62.07,48.28,62.07,58.62,62.07,55.17,62.07,51.72,62.07,58.62,20.69,24.14,24.14,62.07,58.62,31.03,3.45,41.38,10.34,17.24,6.9,20.69
101,1,5,3,3,1,True,0.1,True,0.1,True,0.1,65.52,62.07,62.07,48.28,62.07,58.62,62.07,55.17,62.07,51.72,62.07,58.62,24.14,13.79,10.34,62.07,13.79,17.24,3.45,27.59,20.69,17.24,10.34,3.45
102,1,5,3,3,1,True,0.5,True,0.5,True,0.5,65.52,62.07,62.07,48.28,62.07,58.62,62.07,55.17,62.07,51.72,62.07,58.62,24.14,13.79,13.79,58.62,62.07,20.69,6.9,17.24,13.79,10.34,10.34,10.34
103,1,5,3,3,1,True,1,True,1,True,1,65.52,62.07,62.07,48.28,62.07,58.62,62.07,55.17,62.07,51.72,62.07,58.62,17.24,20.69,37.93,20.69,17.24,17.24,24.14,31.03,27.59,27.59,13.79,0.0
104,1,5,3,3,1,True,5,True,5,True,5,65.52,62.07,62.07,48.28,62.07,58.62,62.07,55.17,62.07,51.72,62.07,58.62,37.93,34.48,48.28,3.45,55.17,44.83,58.62,27.59,41.38,62.07,58.62,51.72
105,1,5,3,3,1,True,10,True,10,True,10,65.52,62.07,62.07,48.28,62.07,58.62,62.07,55.17,62.07,51.72,62.07,58.62,65.52,51.72,62.07,41.38,62.07,51.72,58.62,41.38,65.52,62.07,62.07,62.07
106,1,5,3,1,2,True,0.01,True,0.01,True,0.01,65.52,62.07,62.07,48.28,62.07,58.62,62.07,55.17,62.07,51.72,62.07,58.62,27.59,3.45,27.59,3.45,3.45,17.24,17.24,17.24,27.59,13.79,13.79,41.38
107,1,5,3,1,2,True,0.05,True,0.05,True,0.05,65.52,62.07,62.07,48.28,62.07,58.62,62.07,55.17,62.07,51.72,62.07,58.62,27.59,20.69,10.34,10.34,10.34,10.34,17.24,13.79,20.69,3.45,0.0,17.24
108,1,5,3,1,2,True,0.1,True,0.1,True,0.1,65.52,62.07,62.07,48.28,62.07,58.62,62.07,55.17,62.07,51.72,62.07,58.62,51.72,37.93,41.38,10.34,62.07,55.17,55.17,34.48,48.28,62.07,58.62,44.83
109,1,5,3,1,2,True,0.5,True,0.5,True,0.5,65.52,62.07,62.07,48.28,62.07,58.62,62.07,55.17,62.07,51.72,62.07,58.62,55.17,55.17,58.62,37.93,58.62,58.62,41.38,44.83,44.83,62.07,62.07,55.17
110,1,5,3,1,2,True,1,True,1,True,1,65.52,62.07,62.07,48.28,62.07,58.62,62.07,55.17,62.07,51.72,62.07,58.62,51.72,41.38,37.93,10.34,55.17,51.72,44.83,62.07,51.72,58.62,55.17,55.17
111,1,5,3,1,2,True,5,True,5,True,5,65.52,62.07,62.07,48.28,62.07,58.62,62.07,55.17,62.07,51.72,62.07,58.62,48.28,41.38,58.62,62.07,62.07,58.62,58.62,51.72,58.62,58.62,58.62,58.62
112,1,5,3,1,2,True,10,True,10,True,10,65.52,62.07,62.07,48.28,62.07,58.62,62.07,55.17,62.07,51.72,62.07,58.62,62.07,41.38,55.17,10.34,62.07,55.17,65.52,34.48,55.17,65.52,62.07,51.72
113,1,5,3,2,2,True,0.01,True,0.01,True,0.01,65.52,62.07,62.07,48.28,62.07,58.62,62.07,55.17,62.07,51.72,62.07,58.62,10.34,13.79,13.79,10.34,10.34,13.79,10.34,20.69,10.34,10.34,10.34,3.45
114,1,5,3,2,2,True,0.05,True,0.05,True,0.05,65.52,62.07,62.07,48.28,62.07,58.62,62.07,55.17,62.07,51.72,62.07,58.62,10.34,6.9,20.69,6.9,10.34,6.9,3.45,10.34,6.9,3.45,10.34,10.34
115,1,5,3,2,2,True,0.1,True,0.1,True,0.1,65.52,62.07,62.07,48.28,62.07,58.62,62.07,55.17,62.07,51.72,62.07,58.62,34.48,51.72,44.83,58.62,13.79,41.38,6.9,44.83,41.38,51.72,55.17,51.72
116,1,5,3,2,2,True,0.5,True,0.5,True,0.5,65.52,62.07,62.07,48.28,62.07,58.62,62.07,55.17,62.07,51.72,62.07,58.62,20.69,27.59,10.34,13.79,13.79,24.14,41.38,13.79,20.69,20.69,24.14,34.48
117,1,5,3,2,2,True,1,True,1,True,1,65.52,62.07,62.07,48.28,62.07,58.62,62.07,55.17,62.07,51.72,62.07,58.62,24.14,24.14,41.38,62.07,13.79,24.14,27.59,34.48,20.69,24.14,20.69,6.9
118,1,5,3,2,2,True,5,True,5,True,5,65.52,62.07,62.07,48.28,62.07,58.62,62.07,55.17,62.07,51.72,62.07,58.62,55.17,44.83,51.72,51.72,65.52,62.07,48.28,58.62,44.83,62.07,62.07,62.07
119,1,5,3,2,2,True,10,True,10,True,10,65.52,62.07,62.07,48.28,62.07,58.62,62.07,55.17,62.07,51.72,62.07,58.62,48.28,34.48,62.07,62.07,48.28,55.17,55.17,41.38,31.03,58.62,44.83,24.14
120,1,5,3,3,2,True,0.01,True,0.01,True,0.01,65.52,62.07,62.07,48.28,62.07,58.62,62.07,55.17,62.07,51.72,62.07,58.62,24.14,20.69,24.14,51.72,13.79,24.14,24.14,13.79,24.14,20.69,20.69,27.59
121,1,5,3,3,2,True,0.05,True,0.05,True,0.05,65.52,62.07,62.07,48.28,62.07,58.62,62.07,55.17,62.07,51.72,62.07,58.62,51.72,34.48,24.14,55.17,62.07,51.72,13.79,44.83,48.28,51.72,51.72,27.59
122,1,5,3,3,2,True,0.1,True,0.1,True,0.1,65.52,62.07,62.07,48.28,62.07,58.62,62.07,55.17,62.07,51.72,62.07,58.62,10.34,24.14,41.38,10.34,62.07,17.24,20.69,6.9,13.79,0.0,6.9,6.9
123,1,5,3,3,2,True,0.5,True,0.5,True,0.5,65.52,62.07,62.07,48.28,62.07,58.62,62.07,55.17,62.07,51.72,62.07,58.62,10.34,13.79,17.24,10.34,10.34,10.34,13.79,24.14,10.34,10.34,13.79,6.9
124,1,5,3,3,2,True,1,True,1,True,1,65.52,62.07,62.07,48.28,62.07,58.62,62.07,55.17,62.07,51.72,62.07,58.62,20.69,20.69,34.48,10.34,13.79,34.48,10.34,10.34,13.79,13.79,0.0,17.24
125,1,5,3,3,2,True,5,True,5,True,5,65.52,62.07,62.07,48.28,62.07,58.62,62.07,55.17,62.07,51.72,62.07,58.62,55.17,37.93,37.93,3.45,62.07,58.62,62.07,51.72,44.83,65.52,62.07,62.07
126,1,5,3,3,2,True,10,True,10,True,10,65.52,62.07,62.07,48.28,62.07,58.62,62.07,55.17,62.07,51.72,62.07,58.62,62.07,58.62,48.28,68.97,62.07,65.52,65.52,48.28,58.62,65.52,65.52,58.62
127,1,4,4,1,1,True,0.01,True,0.01,True,0.01,65.52,62.07,62.07,48.28,62.07,58.62,62.07,55.17,62.07,51.72,62.07,58.62,65.52,51.72,37.93,44.83,13.79,31.03,17.24,65.52,58.62,48.28,58.62,27.59
128,1,4,4,1,1,True,0.05,True,0.05,True,0.05,65.52,62.07,62.07,48.28,62.07,58.62,62.07,55.17,62.07,51.72,62.07,58.62,48.28,10.34,41.38,6.9,13.79,62.07,3.45,31.03,48.28,65.52,68.97,44.83
129,1,4,4,1,1,True,0.1,True,0.1,True,0.1,65.52,62.07,62.07,48.28,62.07,58.62,62.07,55.17,62.07,51.72,62.07,58.62,65.52,31.03,48.28,3.45,62.07,55.17,51.72,41.38,65.52,55.17,62.07,48.28
130,1,4,4,1,1,True,0.5,True,0.5,True,0.5,65.52,62.07,62.07,48.28,62.07,58.62,62.07,55.17,62.07,51.72,62.07,58.62,58.62,44.83,51.72,10.34,62.07,44.83,55.17,41.38,48.28,62.07,55.17,51.72
131,1,4,4,1,1,True,1,True,1,True,1,65.52,62.07,62.07,48.28,62.07,58.62,62.07,55.17,62.07,51.72,62.07,58.62,58.62,34.48,55.17,10.34,58.62,58.62,55.17,62.07,51.72,55.17,58.62,51.72
132,1,4,4,1,1,True,5,True,5,True,5,65.52,62.07,62.07,48.28,62.07,58.62,62.07,55.17,62.07,51.72,62.07,58.62,58.62,51.72,51.72,62.07,62.07,68.97,62.07,48.28,44.83,58.62,51.72,55.17
133,1,4,4,1,1,True,10,True,10,True,10,65.52,62.07,62.07,48.28,62.07,58.62,62.07,55.17,62.07,51.72,62.07,58.62,68.97,55.17,48.28,62.07,62.07,65.52,62.07,62.07,65.52,65.52,68.97,65.52
134,1,4,4,2,1,True,0.01,True,0.01,True,0.01,65.52,62.07,62.07,48.28,62.07,58.62,62.07,55.17,62.07,51.72,62.07,58.62,34.48,13.79,17.24,3.45,55.17,55.17,13.79,41.38,27.59,55.17,55.17,24.14
135,1,4,4,2,1,True,0.05,True,0.05,True,0.05,65.52,62.07,62.07,48.28,62.07,58.62,62.07,55.17,62.07,51.72,62.07,58.62,48.28,31.03,41.38,17.24,62.07,58.62,55.17,55.17,48.28,68.97,65.52,55.17
136,1,4,4,2,1,True,0.1,True,0.1,True,0.1,65.52,62.07,62.07,48.28,62.07,58.62,62.07,55.17,62.07,51.72,62.07,58.62,48.28,41.38,37.93,3.45,6.9,31.03,20.69,48.28,37.93,55.17,10.34,44.83
137,1,4,4,2,1,True,0.5,True,0.5,True,0.5,65.52,62.07,62.07,48.28,62.07,58.62,62.07,55.17,62.07,51.72,62.07,58.62,27.59,17.24,34.48,62.07,58.62,34.48,34.48,13.79,27.59,44.83,34.48,31.03
138,1,4,4,2,1,True,1,True,1,True,1,65.52,62.07,62.07,48.28,62.07,58.62,62.07,55.17,62.07,51.72,62.07,58.62,44.83,37.93,51.72,41.38,48.28,55.17,51.72,27.59,44.83,58.62,58.62,58.62
139,1,4,4,2,1,True,5,True,5,True,5,65.52,62.07,62.07,48.28,62.07,58.62,62.07,55.17,62.07,51.72,62.07,58.62,62.07,55.17,51.72,62.07,62.07,62.07,62.07,44.83,68.97,62.07,62.07,65.52
140,1,4,4,2,1,True,10,True,10,True,10,65.52,62.07,62.07,48.28,62.07,58.62,62.07,55.17,62.07,51.72,62.07,58.62,58.62,44.83,58.62,62.07,62.07,58.62,62.07,17.24,51.72,34.48,55.17,48.28
141,1,4,4,3,1,True,0.01,True,0.01,True,0.01,65.52,62.07,62.07,48.28,62.07,58.62,62.07,55.17,62.07,51.72,62.07,58.62,13.79,20.69,17.24,13.79,6.9,20.69,13.79,20.69,13.79,10.34,17.24,13.79
142,1,4,4,3,1,True,0.05,True,0.05,True,0.05,65.52,62.07,62.07,48.28,62.07,58.62,62.07,55.17,62.07,51.72,62.07,58.62,41.38,13.79,27.59,20.69,55.17,48.28,37.93,65.52,44.83,72.41,34.48,44.83
143,1,4,4,3,1,True,0.1,True,0.1,True,0.1,65.52,62.07,62.07,48.28,62.07,58.62,62.07,55.17,62.07,51.72,62.07,58.62,48.28,24.14,27.59,13.79,13.79,31.03,10.34,31.03,34.48,20.69,13.79,37.93
144,1,4,4,3,1,True,0.5,True,0.5,True,0.5,65.52,62.07,62.07,48.28,62.07,58.62,62.07,55.17,62.07,51.72,62.07,58.62,13.79,20.69,24.14,10.34,13.79,41.38,17.24,17.24,13.79,55.17,17.24,10.34
145,1,4,4,3,1,True,1,True,1,True,1,65.52,62.07,62.07,48.28,62.07,58.62,62.07,55.17,62.07,51.72,62.07,58.62,31.03,31.03,31.03,10.34,10.34,27.59,3.45,31.03,34.48,10.34,6.9,13.79
146,1,4,4,3,1,True,5,True,5,True,5,65.52,62.07,62.07,48.28,62.07,58.62,62.07,55.17,62.07,51.72,62.07,58.62,44.83,31.03,51.72,34.48,55.17,48.28,48.28,48.28,44.83,55.17,51.72,51.72
147,1,4,4,3,1,True,10,True,10,True,10,65.52,62.07,62.07,48.28,62.07,58.62,62.07,55.17,62.07,51.72,62.07,58.62,62.07,51.72,51.72,10.34,62.07,65.52,58.62,37.93,55.17,65.52,65.52,58.62
148,1,4,4,1,2,True,0.01,True,0.01,True,0.01,65.52,62.07,62.07,48.28,62.07,58.62,62.07,55.17,62.07,51.72,62.07,58.62,13.79,13.79,17.24,10.34,13.79,13.79,6.9,13.79,27.59,17.24,13.79,3.45
149,1,4,4,1,2,True,0.05,True,0.05,True,0.05,65.52,62.07,62.07,48.28,62.07,58.62,62.07,55.17,62.07,51.72,62.07,58.62,24.14,13.79,31.03,10.34,13.79,10.34,3.45,27.59,27.59,13.79,10.34,20.69
150,1,4,4,1,2,True,0.1,True,0.1,True,0.1,65.52,62.07,62.07,48.28,62.07,58.62,62.07,55.17,62.07,51.72,62.07,58.62,13.79,17.24,44.83,6.9,3.45,13.79,24.14,13.79,13.79,10.34,13.79,6.9
151,1,4,4,1,2,True,0.5,True,0.5,True,0.5,65.52,62.07,62.07,48.28,62.07,58.62,62.07,55.17,62.07,51.72,62.07,58.62,51.72,31.03,58.62,3.45,58.62,31.03,65.52,41.38,27.59,58.62,48.28,20.69
152,1,4,4,1,2,True,1,True,1,True,1,65.52,62.07,62.07,48.28,62.07,58.62,62.07,55.17,62.07,51.72,62.07,58.62,55.17,51.72,55.17,58.62,62.07,48.28,65.52,48.28,44.83,65.52,62.07,48.28
153,1,4,4,1,2,True,5,True,5,True,5,65.52,62.07,62.07,48.28,62.07,58.62,62.07,55.17,62.07,51.72,62.07,58.62,55.17,58.62,48.28,10.34,62.07,62.07,48.28,58.62,51.72,65.52,62.07,58.62
154,1,4,4,1,2,True,10,True,10,True,10,65.52,62.07,62.07,48.28,62.07,58.62,62.07,55.17,62.07,51.72,62.07,58.62,58.62,55.17,51.72,20.69,62.07,55.17,55.17,51.72,62.07,55.17,58.62,58.62
155,1,4,4,2,2,True,0.01,True,0.01,True,0.01,65.52,62.07,62.07,48.28,62.07,58.62,62.07,55.17,62.07,51.72,62.07,58.62,37.93,17.24,24.14,20.69,10.34,31.03,10.34,55.17,31.03,62.07,51.72,13.79
156,1,4,4,2,2,True,0.05,True,0.05,True,0.05,65.52,62.07,62.07,48.28,62.07,58.62,62.07,55.17,62.07,51.72,62.07,58.62,48.28,13.79,13.79,62.07,55.17,24.14,17.24,3.45,34.48,48.28,51.72,13.79
157,1,4,4,2,2,True,0.1,True,0.1,True,0.1,65.52,62.07,62.07,48.28,62.07,58.62,62.07,55.17,62.07,51.72,62.07,58.62,6.9,6.9,13.79,10.34,20.69,10.34,24.14,10.34,17.24,6.9,17.24,6.9
158,1,4,4,2,2,True,0.5,True,0.5,True,0.5,65.52,62.07,62.07,48.28,62.07,58.62,62.07,55.17,62.07,51.72,62.07,58.62,24.14,31.03,37.93,6.9,62.07,48.28,58.62,17.24,24.14,27.59,41.38,55.17
159,1,4,4,2,2,True,1,True,1,True,1,65.52,62.07,62.07,48.28,62.07,58.62,62.07,55.17,62.07,51.72,62.07,58.62,20.69,27.59,55.17,62.07,58.62,37.93,24.14,20.69,24.14,0.0,3.45,34.48
160,1,4,4,2,2,True,5,True,5,True,5,65.52,62.07,62.07,48.28,62.07,58.62,62.07,55.17,62.07,51.72,62.07,58.62,58.62,37.93,27.59,20.69,62.07,34.48,55.17,58.62,48.28,62.07,62.07,44.83
161,1,4,4,2,2,True,10,True,10,True,10,65.52,62.07,62.07,48.28,62.07,58.62,62.07,55.17,62.07,51.72,62.07,58.62,51.72,62.07,62.07,62.07,62.07,48.28,55.17,58.62,51.72,55.17,58.62,62.07
162,1,4,4,3,2,True,0.01,True,0.01,True,0.01,65.52,62.07,62.07,48.28,62.07,58.62,62.07,55.17,62.07,51.72,62.07,58.62,27.59,31.03,65.52,55.17,62.07,17.24,55.17,41.38,34.48,17.24,58.62,24.14
163,1,4,4,3,2,True,0.05,True,0.05,True,0.05,65.52,62.07,62.07,48.28,62.07,58.62,62.07,55.17,62.07,51.72,62.07,58.62,3.45,10.34,3.45,6.9,10.34,6.9,13.79,6.9,6.9,13.79,10.34,6.9
164,1,4,4,3,2,True,0.1,True,0.1,True,0.1,65.52,62.07,62.07,48.28,62.07,58.62,62.07,55.17,62.07,51.72,62.07,58.62,44.83,27.59,58.62,17.24,13.79,24.14,24.14,41.38,31.03,24.14,20.69,24.14
165,1,4,4,3,2,True,0.5,True,0.5,True,0.5,65.52,62.07,62.07,48.28,62.07,58.62,62.07,55.17,62.07,51.72,62.07,58.62,37.93,27.59,44.83,10.34,10.34,17.24,17.24,20.69,27.59,24.14,20.69,20.69
166,1,4,4,3,2,True,1,True,1,True,1,65.52,62.07,62.07,48.28,62.07,58.62,62.07,55.17,62.07,51.72,62.07,58.62,44.83,44.83,13.79,20.69,6.9,34.48,3.45,31.03,34.48,13.79,13.79,17.24
167,1,4,4,3,2,True,5,True,5,True,5,65.52,62.07,62.07,48.28,62.07,58.62,62.07,55.17,62.07,51.72,62.07,58.62,48.28,48.28,41.38,10.34,17.24,55.17,27.59,48.28,41.38,62.07,48.28,58.62
168,1,4,4,3,2,True,10,True,10,True,10,65.52,62.07,62.07,48.28,62.07,58.62,62.07,55.17,62.07,51.72,62.07,58.62,58.62,58.62,58.62,55.17,62.07,65.52,58.62,58.62,58.62,65.52,62.07,62.07
169,2,4,1,1,1,True,0.01,True,0.01,True,0.01,58.64,48.44,54.76,48.44,58.88,54.12,65.32,47.52,60.32,48.52,48.52,52.76,29.16,23.64,28.84,12.36,33.24,31.44,28.12,25.52,28.64,27.52,28.12,26.48
170,2,4,1,1,1,True,0.05,True,0.05,True,0.05,58.64,48.44,54.76,48.44,58.88,54.12,65.32,47.52,60.32,48.52,48.52,52.76,47.84,33.44,43.84,38.56,45.92,43.92,43.44,43.08,45.6,46.6,48.24,46.64
173,2,4,1,1,1,True,1,True,1,True,1,58.64,48.44,54.76,48.44,58.88,54.12,65.32,47.52,60.32,48.52,48.52,52.76,48.44,40.64,47.2,48.92,50.6,47.72,49.04,48.88,48.64,49.52,49.68,50.36
175,2,4,1,1,1,True,10,True,10,True,10,58.64,48.44,54.76,48.44,58.88,54.12,65.32,47.52,60.32,48.52,48.52,52.76,48.4,41.68,45.76,46.24,46.12,47.48,47.8,40.12,49.32,49.48,49.4,48.28
171,2,4,1,1,1,True,0.1,True,0.1,True,0.1,58.64,48.44,54.76,48.44,58.88,54.12,65.32,47.52,60.32,48.52,48.52,52.76,48.08,39.72,45.48,49.4,46.24,45.24,48.84,35.04,48.52,49.32,49.72,49.08
172,2,4,1,1,1,True,0.5,True,0.5,True,0.5,58.64,48.44,54.76,48.44,58.88,54.12,65.32,47.52,60.32,48.52,48.52,52.76,48.96,42.08,46.52,49.4,46.4,47.84,47.72,42.64,48.4,49.24,49.32,48.32
174,2,4,1,1,1,True,5,True,5,True,5,58.64,48.44,54.76,48.44,58.88,54.12,65.32,47.52,60.32,48.52,48.52,52.76,49.44,41.64,46.12,49.4,47.84,45.84,47.0,34.28,49.16,49.4,49.4,49.92
176,2,4,1,2,1,True,0.01,True,0.01,True,0.01,58.64,48.44,54.76,48.44,58.88,54.12,65.32,47.52,60.32,48.52,48.52,52.76,26.56,15.48,26.32,20.68,32.16,24.44,27.08,30.6,23.48,38.48,39.88,38.88
177,2,4,1,2,1,True,0.05,True,0.05,True,0.05,58.64,48.44,54.76,48.44,58.88,54.12,65.32,47.52,60.32,48.52,48.52,52.76,46.84,35.24,46.0,49.4,47.92,45.04,46.72,35.96,46.04,49.4,49.44,50.28
182,2,4,1,2,1,True,10,True,10,True,10,58.64,48.44,54.76,48.44,58.88,54.12,65.32,47.52,60.32,48.52,48.52,52.76,48.72,42.36,48.44,48.4,47.96,47.04,45.8,35.0,48.64,49.44,49.4,49.28
178,2,4,1,2,1,True,0.1,True,0.1,True,0.1,58.64,48.44,54.76,48.44,58.88,54.12,65.32,47.52,60.32,48.52,48.52,52.76,47.96,37.32,45.8,49.24,47.88,45.2,48.6,47.28,47.92,48.96,48.96,48.84
180,2,4,1,2,1,True,1,True,1,True,1,58.64,48.44,54.76,48.44,58.88,54.12,65.32,47.52,60.32,48.52,48.52,52.76,48.84,40.2,48.04,49.4,47.2,46.08,47.44,48.56,48.12,49.4,49.4,49.28
181,2,4,1,2,1,True,5,True,5,True,5,58.64,48.44,54.76,48.44,58.88,54.12,65.32,47.52,60.32,48.52,48.52,52.76,48.28,40.56,45.92,42.64,46.68,46.12,48.2,45.52,48.12,49.4,49.4,49.8
179,2,4,1,2,1,True,0.5,True,0.5,True,0.5,58.64,48.44,54.76,48.44,58.88,54.12,65.32,47.52,60.32,48.52,48.52,52.76,49.6,41.08,46.76,46.24,47.36,47.72,46.28,36.96,49.88,49.4,49.4,50.08
183,2,4,1,3,1,True,0.01,True,0.01,True,0.01,58.64,48.44,54.76,48.44,58.88,54.12,65.32,47.52,60.32,48.52,48.52,52.76,12.64,9.68,20.88,33.72,15.32,13.6,18.64,15.32,11.72,17.88,21.0,15.84
184,2,4,1,3,1,True,0.05,True,0.05,True,0.05,58.64,48.44,54.76,48.44,58.88,54.12,65.32,47.52,60.32,48.52,48.52,52.76,17.04,14.72,18.0,11.92,16.64,21.2,16.08,19.12,16.88,17.24,17.2,14.8
185,2,4,1,3,1,True,0.1,True,0.1,True,0.1,58.64,48.44,54.76,48.44,58.88,54.12,65.32,47.52,60.32,48.52,48.52,52.76,36.64,17.92,29.12,49.4,37.88,30.84,27.84,28.32,34.88,37.8,39.0,33.2
189,2,4,1,3,1,True,10,True,10,True,10,58.64,48.44,54.76,48.44,58.88,54.12,65.32,47.52,60.32,48.52,48.52,52.76,48.24,41.8,45.56,45.12,45.8,46.28,46.56,49.08,47.32,49.32,49.4,49.0
186,2,4,1,3,1,True,0.5,True,0.5,True,0.5,58.64,48.44,54.76,48.44,58.88,54.12,65.32,47.52,60.32,48.52,48.52,52.76,47.52,32.36,44.88,46.6,47.44,44.12,46.52,44.52,45.52,46.24,46.6,46.24
187,2,4,1,3,1,True,1,True,1,True,1,58.64,48.44,54.76,48.44,58.88,54.12,65.32,47.52,60.32,48.52,48.52,52.76,46.28,34.92,43.0,48.72,45.56,45.32,48.36,44.96,46.72,48.08,48.12,48.2
188,2,4,1,3,1,True,5,True,5,True,5,58.64,48.44,54.76,48.44,58.88,54.12,65.32,47.52,60.32,48.52,48.52,52.76,48.6,40.76,45.68,49.4,47.08,46.92,46.2,49.2,47.0,49.44,49.4,48.88
191,2,4,1,1,2,True,0.05,True,0.05,True,0.05,58.64,48.44,54.76,48.44,58.88,54.12,65.32,47.52,60.32,48.52,48.52,52.76,50.04,32.08,44.72,23.84,49.8,45.76,49.64,47.64,49.48,48.64,48.88,51.24
196,2,4,1,1,2,True,10,True,10,True,10,58.64,48.44,54.76,48.44,58.88,54.12,65.32,47.52,60.32,48.52,48.52,52.76,55.44,45.04,49.52,49.4,53.0,49.72,56.36,43.76,55.04,49.4,49.4,52.2
190,2,4,1,1,2,True,0.01,True,0.01,True,0.01,58.64,48.44,54.76,48.44,58.88,54.12,65.32,47.52,60.32,48.52,48.52,52.76,13.04,12.36,18.68,1.96,14.28,17.0,17.96,11.12,12.16,19.28,21.24,14.52
194,2,4,1,1,2,True,1,True,1,True,1,58.64,48.44,54.76,48.44,58.88,54.12,65.32,47.52,60.32,48.52,48.52,52.76,53.72,42.72,48.96,49.4,50.0,49.92,57.52,49.04,54.48,49.12,49.28,53.44
192,2,4,1,1,2,True,0.1,True,0.1,True,0.1,58.64,48.44,54.76,48.44,58.88,54.12,65.32,47.52,60.32,48.52,48.52,52.76,50.52,31.4,42.28,23.52,48.92,43.44,49.96,47.64,48.68,48.2,47.64,50.44
193,2,4,1,1,2,True,0.5,True,0.5,True,0.5,58.64,48.44,54.76,48.44,58.88,54.12,65.32,47.52,60.32,48.52,48.52,52.76,53.28,36.64,47.16,44.28,49.84,46.92,51.28,48.08,53.16,49.24,49.4,50.44
195,2,4,1,1,2,True,5,True,5,True,5,58.64,48.44,54.76,48.44,58.88,54.12,65.32,47.52,60.32,48.52,48.52,52.76,53.84,44.68,49.44,49.4,51.04,50.2,57.56,18.12,54.64,49.48,49.4,52.2
198,2,4,1,2,2,True,0.05,True,0.05,True,0.05,58.64,48.44,54.76,48.44,58.88,54.12,65.32,47.52,60.32,48.52,48.52,52.76,36.24,14.2,27.48,27.76,34.52,23.92,34.76,42.24,32.08,45.92,44.92,42.24
200,2,4,1,2,2,True,0.5,True,0.5,True,0.5,58.64,48.44,54.76,48.44,58.88,54.12,65.32,47.52,60.32,48.52,48.52,52.76,48.68,30.32,44.88,33.28,47.0,44.96,47.2,49.4,48.92,49.4,49.4,48.88
201,2,4,1,2,2,True,1,True,1,True,1,58.64,48.44,54.76,48.44,58.88,54.12,65.32,47.52,60.32,48.52,48.52,52.76,49.92,27.12,43.92,42.32,49.36,42.76,49.72,48.0,49.68,48.84,49.0,48.88
197,2,4,1,2,2,True,0.01,True,0.01,True,0.01,58.64,48.44,54.76,48.44,58.88,54.12,65.32,47.52,60.32,48.52,48.52,52.76,10.8,12.2,19.36,4.48,14.52,16.68,7.4,11.76,10.0,14.4,12.68,12.88
203,2,4,1,2,2,True,10,True,10,True,10,58.64,48.44,54.76,48.44,58.88,54.12,65.32,47.52,60.32,48.52,48.52,52.76,51.0,39.36,47.28,49.4,48.76,48.04,50.88,49.08,49.8,49.4,49.4,48.2
202,2,4,1,2,2,True,5,True,5,True,5,58.64,48.44,54.76,48.44,58.88,54.12,65.32,47.52,60.32,48.52,48.52,52.76,50.52,40.44,47.12,49.32,47.8,46.88,50.44,49.32,50.36,49.4,49.4,49.52
199,2,4,1,2,2,True,0.1,True,0.1,True,0.1,58.64,48.44,54.76,48.44,58.88,54.12,65.32,47.52,60.32,48.52,48.52,52.76,48.28,28.2,45.04,37.76,48.6,42.8,48.0,48.36,47.2,49.08,49.32,48.12
204,2,4,1,3,2,True,0.01,True,0.01,True,0.01,58.64,48.44,54.76,48.44,58.88,54.12,65.32,47.52,60.32,48.52,48.52,52.76,9.68,10.4,15.88,6.44,8.52,13.96,6.12,10.64,9.8,12.72,13.76,9.56
206,2,4,1,3,2,True,0.1,True,0.1,True,0.1,58.64,48.44,54.76,48.44,58.88,54.12,65.32,47.52,60.32,48.52,48.52,52.76,28.48,14.88,25.24,16.68,30.32,25.44,22.68,27.12,26.6,33.12,34.96,30.76
205,2,4,1,3,2,True,0.05,True,0.05,True,0.05,58.64,48.44,54.76,48.44,58.88,54.12,65.32,47.52,60.32,48.52,48.52,52.76,7.24,8.84,15.92,2.44,10.16,13.8,7.4,7.28,8.32,7.28,7.12,5.92
207,2,4,1,3,2,True,0.5,True,0.5,True,0.5,58.64,48.44,54.76,48.44,58.88,54.12,65.32,47.52,60.32,48.52,48.52,52.76,39.12,15.56,27.12,5.48,35.4,26.72,36.72,40.72,34.76,47.64,47.68,42.16
210,2,4,1,3,2,True,10,True,10,True,10,58.64,48.44,54.76,48.44,58.88,54.12,65.32,47.52,60.32,48.52,48.52,52.76,51.76,33.44,46.68,49.48,49.08,48.04,48.0,48.6,51.6,49.4,49.4,51.4
208,2,4,1,3,2,True,1,True,1,True,1,58.64,48.44,54.76,48.44,58.88,54.12,65.32,47.52,60.32,48.52,48.52,52.76,46.72,25.48,41.08,45.76,46.84,40.32,45.56,47.6,45.36,45.64,45.52,46.2
209,2,4,1,3,2,True,5,True,5,True,5,58.64,48.44,54.76,48.44,58.88,54.12,65.32,47.52,60.32,48.52,48.52,52.76,50.24,27.96,44.68,47.6,50.04,44.12,50.12,49.2,50.08,50.56,50.48,49.08
211,2,4,2,1,1,True,0.01,True,0.01,True,0.01,58.64,48.44,54.76,48.44,58.88,54.12,65.32,47.52,60.32,48.52,48.52,52.76,43.56,32.08,41.4,42.88,46.6,43.28,42.64,42.24,40.84,44.28,45.12,44.52
214,2,4,2,1,1,True,0.5,True,0.5,True,0.5,58.64,48.44,54.76,48.44,58.88,54.12,65.32,47.52,60.32,48.52,48.52,52.76,48.2,41.08,45.6,49.36,46.84,46.96,48.24,48.84,47.72,49.32,49.52,48.8
212,2,4,2,1,1,True,0.05,True,0.05,True,0.05,58.64,48.44,54.76,48.44,58.88,54.12,65.32,47.52,60.32,48.52,48.52,52.76,47.64,38.4,46.32,45.44,46.88,47.04,46.88,44.84,46.96,48.84,48.84,47.28
213,2,4,2,1,1,True,0.1,True,0.1,True,0.1,58.64,48.44,54.76,48.44,58.88,54.12,65.32,47.52,60.32,48.52,48.52,52.76,47.64,40.08,48.32,47.28,48.08,47.52,47.88,46.36,47.48,49.4,49.44,47.64
216,2,4,2,1,1,True,5,True,5,True,5,58.64,48.44,54.76,48.44,58.88,54.12,65.32,47.52,60.32,48.52,48.52,52.76,49.28,41.44,46.92,48.32,47.12,47.8,49.0,39.72,48.16,49.36,49.36,49.4
215,2,4,2,1,1,True,1,True,1,True,1,58.64,48.44,54.76,48.44,58.88,54.12,65.32,47.52,60.32,48.52,48.52,52.76,48.92,41.6,45.64,49.4,46.96,46.76,48.96,48.6,48.92,49.44,49.52,48.96
217,2,4,2,1,1,True,10,True,10,True,10,58.64,48.44,54.76,48.44,58.88,54.12,65.32,47.52,60.32,48.52,48.52,52.76,48.8,42.52,44.92,43.64,47.4,47.76,50.08,41.6,49.16,49.4,49.4,50.28
218,2,4,2,2,1,True,0.01,True,0.01,True,0.01,58.64,48.44,54.76,48.44,58.88,54.12,65.32,47.52,60.32,48.52,48.52,52.76,36.88,24.88,38.16,39.4,43.72,35.0,38.92,39.0,33.0,41.92,42.52,41.32
223,2,4,2,2,1,True,5,True,5,True,5,58.64,48.44,54.76,48.44,58.88,54.12,65.32,47.52,60.32,48.52,48.52,52.76,50.08,43.6,45.84,49.4,46.96,47.52,49.32,41.88,49.32,49.4,49.4,49.6
221,2,4,2,2,1,True,0.5,True,0.5,True,0.5,58.64,48.44,54.76,48.44,58.88,54.12,65.32,47.52,60.32,48.52,48.52,52.76,48.48,41.32,46.68,48.96,47.24,46.56,47.8,49.64,48.2,49.36,49.4,49.4
224,2,4,2,2,1,True,10,True,10,True,10,58.64,48.44,54.76,48.44,58.88,54.12,65.32,47.52,60.32,48.52,48.52,52.76,49.04,41.56,46.8,42.8,47.64,45.36,46.2,37.4,49.36,49.36,49.36,47.76
222,2,4,2,2,1,True,1,True,1,True,1,58.64,48.44,54.76,48.44,58.88,54.12,65.32,47.52,60.32,48.52,48.52,52.76,47.8,40.28,46.76,44.44,46.96,46.8,48.16,49.32,47.12,49.4,49.4,48.8
220,2,4,2,2,1,True,0.1,True,0.1,True,0.1,58.64,48.44,54.76,48.44,58.88,54.12,65.32,47.52,60.32,48.52,48.52,52.76,48.44,38.16,47.28,49.04,47.92,47.0,48.8,48.44,47.44,49.4,49.4,49.72
219,2,4,2,2,1,True,0.05,True,0.05,True,0.05,58.64,48.44,54.76,48.44,58.88,54.12,65.32,47.52,60.32,48.52,48.52,52.76,48.2,35.6,45.36,41.92,45.2,44.72,49.44,48.6,47.72,49.16,48.96,48.8
225,2,4,2,3,1,True,0.01,True,0.01,True,0.01,58.64,48.44,54.76,48.44,58.88,54.12,65.32,47.52,60.32,48.52,48.52,52.76,11.76,10.48,19.04,1.6,13.04,15.32,11.12,12.32,12.4,6.84,7.84,9.44
226,2,4,2,3,1,True,0.05,True,0.05,True,0.05,58.64,48.44,54.76,48.44,58.88,54.12,65.32,47.52,60.32,48.52,48.52,52.76,24.0,15.4,25.24,12.96,27.4,24.32,24.48,19.8,23.0,21.88,24.72,22.0
227,2,4,2,3,1,True,0.1,True,0.1,True,0.1,58.64,48.44,54.76,48.44,58.88,54.12,65.32,47.52,60.32,48.52,48.52,52.76,29.52,18.6,26.84,35.64,32.0,27.32,29.64,28.76,27.0,34.32,37.08,32.4
228,2,4,2,3,1,True,0.5,True,0.5,True,0.5,58.64,48.44,54.76,48.44,58.88,54.12,65.32,47.52,60.32,48.52,48.52,52.76,47.32,26.28,42.84,44.92,47.72,43.04,44.64,47.56,45.88,49.28,49.36,48.32
231,2,4,2,3,1,True,10,True,10,True,10,58.64,48.44,54.76,48.44,58.88,54.12,65.32,47.52,60.32,48.52,48.52,52.76,50.12,41.72,46.64,49.2,48.32,46.84,49.36,49.48,49.72,49.4,49.4,49.48
229,2,4,2,3,1,True,1,True,1,True,1,58.64,48.44,54.76,48.44,58.88,54.12,65.32,47.52,60.32,48.52,48.52,52.76,49.04,39.08,46.76,46.56,46.96,46.08,48.04,49.52,48.32,49.16,48.8,48.96
230,2,4,2,3,1,True,5,True,5,True,5,58.64,48.44,54.76,48.44,58.88,54.12,65.32,47.52,60.32,48.52,48.52,52.76,49.12,41.72,46.48,39.12,49.12,47.28,47.68,49.96,48.28,49.4,49.4,49.96
233,2,4,2,1,2,True,0.05,True,0.05,True,0.05,58.64,48.44,54.76,48.44,58.88,54.12,65.32,47.52,60.32,48.52,48.52,52.76,30.28,17.4,25.24,6.88,31.48,24.32,19.48,27.72,25.88,40.36,40.6,35.72
238,2,4,2,1,2,True,10,True,10,True,10,58.64,48.44,54.76,48.44,58.88,54.12,65.32,47.52,60.32,48.52,48.52,52.76,55.76,45.2,49.4,47.52,51.96,51.44,57.44,28.2,56.04,49.36,49.4,52.44
232,2,4,2,1,2,True,0.01,True,0.01,True,0.01,58.64,48.44,54.76,48.44,58.88,54.12,65.32,47.52,60.32,48.52,48.52,52.76,12.68,10.12,20.0,0.0,14.08,17.08,12.16,12.72,10.76,17.96,16.68,13.24
234,2,4,2,1,2,True,0.1,True,0.1,True,0.1,58.64,48.44,54.76,48.44,58.88,54.12,65.32,47.52,60.32,48.52,48.52,52.76,51.88,36.04,47.72,42.04,49.6,49.04,52.64,48.96,52.36,48.24,48.8,49.76
236,2,4,2,1,2,True,1,True,1,True,1,58.64,48.44,54.76,48.44,58.88,54.12,65.32,47.52,60.32,48.52,48.52,52.76,53.6,44.72,48.12,47.24,51.04,49.0,54.92,49.12,53.96,49.44,49.64,52.92
237,2,4,2,1,2,True,5,True,5,True,5,58.64,48.44,54.76,48.44,58.88,54.12,65.32,47.52,60.32,48.52,48.52,52.76,54.88,43.2,48.08,49.4,52.12,49.92,58.84,49.28,56.44,49.4,49.4,52.52
235,2,4,2,1,2,True,0.5,True,0.5,True,0.5,58.64,48.44,54.76,48.44,58.88,54.12,65.32,47.52,60.32,48.52,48.52,52.76,53.76,38.4,48.88,45.84,50.68,48.8,54.04,48.8,55.4,49.4,49.4,54.04
240,2,4,2,2,2,True,0.05,True,0.05,True,0.05,58.64,48.44,54.76,48.44,58.88,54.12,65.32,47.52,60.32,48.52,48.52,52.76,27.0,15.72,26.8,39.12,35.12,24.24,33.12,33.12,24.08,44.56,44.16,40.56
242,2,4,2,2,2,True,0.5,True,0.5,True,0.5,58.64,48.44,54.76,48.44,58.88,54.12,65.32,47.52,60.32,48.52,48.52,52.76,48.48,35.68,47.2,49.44,46.24,45.48,47.96,48.76,48.4,49.36,49.52,49.48
243,2,4,2,2,2,True,1,True,1,True,1,58.64,48.44,54.76,48.44,58.88,54.12,65.32,47.52,60.32,48.52,48.52,52.76,49.84,26.92,41.0,42.92,49.44,43.32,50.08,48.0,49.4,49.44,49.44,51.28
241,2,4,2,2,2,True,0.1,True,0.1,True,0.1,58.64,48.44,54.76,48.44,58.88,54.12,65.32,47.52,60.32,48.52,48.52,52.76,35.52,17.84,30.52,46.32,41.0,30.72,32.16,35.68,31.56,48.68,48.08,43.64
239,2,4,2,2,2,True,0.01,True,0.01,True,0.01,58.64,48.44,54.76,48.44,58.88,54.12,65.32,47.52,60.32,48.52,48.52,52.76,13.88,11.32,21.6,34.88,19.12,16.44,20.16,20.76,12.96,26.96,27.24,24.12
245,2,4,2,2,2,True,10,True,10,True,10,58.64,48.44,54.76,48.44,58.88,54.12,65.32,47.52,60.32,48.52,48.52,52.76,49.8,39.72,46.8,47.84,46.88,47.76,50.12,49.28,49.76,49.4,49.4,48.4
244,2,4,2,2,2,True,5,True,5,True,5,58.64,48.44,54.76,48.44,58.88,54.12,65.32,47.52,60.32,48.52,48.52,52.76,52.04,37.76,47.4,49.4,47.08,47.92,50.0,49.4,51.4,49.36,49.4,50.76
248,2,4,2,3,2,True,0.1,True,0.1,True,0.1,58.64,48.44,54.76,48.44,58.88,54.12,65.32,47.52,60.32,48.52,48.52,52.76,8.48,9.68,17.32,0.0,11.28,14.08,8.64,9.24,8.88,7.16,9.08,10.8
247,2,4,2,3,2,True,0.05,True,0.05,True,0.05,58.64,48.44,54.76,48.44,58.88,54.12,65.32,47.52,60.32,48.52,48.52,52.76,15.12,10.44,19.8,36.96,14.72,17.16,15.68,17.4,14.56,20.92,22.12,19.52
246,2,4,2,3,2,True,0.01,True,0.01,True,0.01,58.64,48.44,54.76,48.44,58.88,54.12,65.32,47.52,60.32,48.52,48.52,52.76,19.52,10.96,20.08,13.4,21.2,19.44,20.84,20.28,17.44,24.8,28.08,22.56
250,2,4,2,3,2,True,1,True,1,True,1,58.64,48.44,54.76,48.44,58.88,54.12,65.32,47.52,60.32,48.52,48.52,52.76,48.08,23.44,37.84,46.44,46.72,40.76,46.08,48.4,44.8,49.04,49.28,47.6
249,2,4,2,3,2,True,0.5,True,0.5,True,0.5,58.64,48.44,54.76,48.44,58.88,54.12,65.32,47.52,60.32,48.52,48.52,52.76,44.6,20.0,35.84,42.84,44.92,35.32,42.64,45.8,41.48,45.48,46.52,47.84
251,2,4,2,3,2,True,5,True,5,True,5,58.64,48.44,54.76,48.44,58.88,54.12,65.32,47.52,60.32,48.52,48.52,52.76,50.2,36.12,46.84,46.08,48.28,47.64,48.24,49.92,49.72,49.56,49.56,50.64
252,2,4,2,3,2,True,10,True,10,True,10,58.64,48.44,54.76,48.44,58.88,54.12,65.32,47.52,60.32,48.52,48.52,52.76,49.64,34.8,46.36,49.36,46.64,49.32,49.72,48.88,50.32,49.44,49.4,50.6
253,2,10,3,1,1,True,0.01,True,0.01,True,0.01,58.64,48.44,54.76,48.44,58.88,54.12,65.32,47.52,60.32,48.52,48.52,52.76,23.16,16.2,26.76,19.36,29.52,25.48,23.72,22.56,22.12,22.4,23.92,23.4
256,2,10,3,1,1,True,0.5,True,0.5,True,0.5,58.64,48.44,54.76,48.44,58.88,54.12,65.32,47.52,60.32,48.52,48.52,52.76,48.08,40.76,45.68,49.4,46.28,47.56,47.08,48.76,47.64,49.28,49.32,47.36
254,2,10,3,1,1,True,0.05,True,0.05,True,0.05,58.64,48.44,54.76,48.44,58.88,54.12,65.32,47.52,60.32,48.52,48.52,52.76,45.08,25.72,38.44,43.84,43.96,39.76,42.96,42.36,41.24,46.88,46.88,47.12
259,2,10,3,1,1,True,10,True,10,True,10,58.64,48.44,54.76,48.44,58.88,54.12,65.32,47.52,60.32,48.52,48.52,52.76,49.08,41.48,46.68,44.2,46.96,47.12,49.4,36.48,49.64,49.4,49.4,49.76
255,2,10,3,1,1,True,0.1,True,0.1,True,0.1,58.64,48.44,54.76,48.44,58.88,54.12,65.32,47.52,60.32,48.52,48.52,52.76,48.28,30.96,44.8,42.88,45.64,43.36,46.24,48.2,46.16,48.76,48.92,49.08
257,2,10,3,1,1,True,1,True,1,True,1,58.64,48.44,54.76,48.44,58.88,54.12,65.32,47.52,60.32,48.52,48.52,52.76,47.0,40.28,47.56,45.96,47.32,46.88,48.04,48.32,46.48,49.32,49.24,47.56
258,2,10,3,1,1,True,5,True,5,True,5,58.64,48.44,54.76,48.44,58.88,54.12,65.32,47.52,60.32,48.52,48.52,52.76,49.0,43.44,46.8,44.16,48.76,46.44,47.8,43.96,48.64,49.4,49.4,49.44
260,2,10,3,2,1,True,0.01,True,0.01,True,0.01,58.64,48.44,54.76,48.44,58.88,54.12,65.32,47.52,60.32,48.52,48.52,52.76,13.32,13.6,22.56,3.4,21.76,19.24,15.44,13.76,13.56,20.96,22.2,20.52
261,2,10,3,2,1,True,0.05,True,0.05,True,0.05,58.64,48.44,54.76,48.44,58.88,54.12,65.32,47.52,60.32,48.52,48.52,52.76,42.28,19.2,33.68,43.12,44.32,35.64,45.92,43.04,39.72,50.12,49.64,48.96
262,2,10,3,2,1,True,0.1,True,0.1,True,0.1,58.64,48.44,54.76,48.44,58.88,54.12,65.32,47.52,60.32,48.52,48.52,52.76,49.12,32.48,43.44,49.4,46.72,44.6,49.88,49.28,49.4,49.44,49.4,50.56
265,2,10,3,2,1,True,5,True,5,True,5,58.64,48.44,54.76,48.44,58.88,54.12,65.32,47.52,60.32,48.52,48.52,52.76,48.64,39.92,46.2,49.84,46.88,46.48,44.96,49.04,48.04,49.36,49.28,49.12
263,2,10,3,2,1,True,0.5,True,0.5,True,0.5,58.64,48.44,54.76,48.44,58.88,54.12,65.32,47.52,60.32,48.52,48.52,52.76,47.88,40.04,45.56,42.8,46.76,45.56,47.32,48.36,47.76,49.28,49.16,49.04
264,2,10,3,2,1,True,1,True,1,True,1,58.64,48.44,54.76,48.44,58.88,54.12,65.32,47.52,60.32,48.52,48.52,52.76,50.68,42.12,46.44,49.68,48.2,47.12,48.04,49.24,49.6,49.4,49.4,50.0
266,2,10,3,2,1,True,10,True,10,True,10,58.64,48.44,54.76,48.44,58.88,54.12,65.32,47.52,60.32,48.52,48.52,52.76,48.92,41.6,47.28,43.08,46.04,45.0,48.88,43.04,48.2,49.4,49.4,49.0
267,2,10,3,3,1,True,0.01,True,0.01,True,0.01,58.64,48.44,54.76,48.44,58.88,54.12,65.32,47.52,60.32,48.52,48.52,52.76,8.64,11.84,17.64,0.0,8.96,13.6,11.24,10.76,10.16,7.64,6.28,7.56
268,2,10,3,3,1,True,0.05,True,0.05,True,0.05,58.64,48.44,54.76,48.44,58.88,54.12,65.32,47.52,60.32,48.52,48.52,52.76,25.68,15.36,25.52,15.32,29.84,21.72,21.32,25.0,21.4,31.24,31.52,28.08
269,2,10,3,3,1,True,0.1,True,0.1,True,0.1,58.64,48.44,54.76,48.44,58.88,54.12,65.32,47.52,60.32,48.52,48.52,52.76,37.28,20.04,34.72,47.2,41.2,32.44,36.6,36.28,34.6,43.2,43.88,41.84
272,2,10,3,3,1,True,5,True,5,True,5,58.64,48.44,54.76,48.44,58.88,54.12,65.32,47.52,60.32,48.52,48.52,52.76,52.96,43.64,49.92,48.88,50.04,50.48,53.68,48.6,53.04,48.64,48.92,51.6
270,2,10,3,3,1,True,0.5,True,0.5,True,0.5,58.64,48.44,54.76,48.44,58.88,54.12,65.32,47.52,60.32,48.52,48.52,52.76,49.04,33.36,45.96,49.4,48.08,48.0,48.72,48.0,48.44,49.72,49.36,50.16
273,2,10,3,3,1,True,10,True,10,True,10,58.64,48.44,54.76,48.44,58.88,54.12,65.32,47.52,60.32,48.52,48.52,52.76,54.28,43.88,48.28,49.08,51.12,49.44,55.28,48.88,54.12,49.48,49.36,51.24
271,2,10,3,3,1,True,1,True,1,True,1,58.64,48.44,54.76,48.44,58.88,54.12,65.32,47.52,60.32,48.52,48.52,52.76,50.44,34.44,47.96,44.16,52.08,48.04,50.24,48.72,51.04,49.16,48.8,51.16
274,2,10,3,1,2,True,0.01,True,0.01,True,0.01,58.64,48.44,54.76,48.44,58.88,54.12,65.32,47.52,60.32,48.52,48.52,52.76,32.08,14.96,27.32,4.8,33.64,23.12,34.72,36.12,28.72,46.44,46.56,43.6
275,2,10,3,1,2,True,0.05,True,0.05,True,0.05,58.64,48.44,54.76,48.44,58.88,54.12,65.32,47.52,60.32,48.52,48.52,52.76,19.64,12.76,23.28,14.64,22.28,19.48,15.84,19.08,16.6,30.76,32.68,24.92
277,2,10,3,1,2,True,0.5,True,0.5,True,0.5,58.64,48.44,54.76,48.44,58.88,54.12,65.32,47.52,60.32,48.52,48.52,52.76,52.36,31.88,46.32,39.92,50.12,47.0,50.84,48.52,52.4,49.44,49.0,51.32
276,2,10,3,1,2,True,0.1,True,0.1,True,0.1,58.64,48.44,54.76,48.44,58.88,54.12,65.32,47.52,60.32,48.52,48.52,52.76,48.08,21.56,33.68,25.08,45.2,34.88,45.52,46.36,45.68,46.52,46.68,49.32
279,2,10,3,1,2,True,5,True,5,True,5,58.64,48.44,54.76,48.44,58.88,54.12,65.32,47.52,60.32,48.52,48.52,52.76,54.56,40.04,49.04,49.48,51.76,49.6,56.84,49.28,54.8,49.08,49.24,52.24
278,2,10,3,1,2,True,1,True,1,True,1,58.64,48.44,54.76,48.44,58.88,54.12,65.32,47.52,60.32,48.52,48.52,52.76,53.6,35.8,47.72,45.36,49.88,48.76,55.76,49.24,54.2,49.4,49.4,51.16
280,2,10,3,1,2,True,10,True,10,True,10,58.64,48.44,54.76,48.44,58.88,54.12,65.32,47.52,60.32,48.52,48.52,52.76,55.36,43.92,50.24,48.96,51.8,49.96,55.8,47.68,55.56,49.44,49.8,51.64
283,2,10,3,2,2,True,0.1,True,0.1,True,0.1,58.64,48.44,54.76,48.44,58.88,54.12,65.32,47.52,60.32,48.52,48.52,52.76,25.64,14.36,26.28,0.0,31.04,22.04,21.44,25.44,22.8,34.96,36.4,31.84
282,2,10,3,2,2,True,0.05,True,0.05,True,0.05,58.64,48.44,54.76,48.44,58.88,54.12,65.32,47.52,60.32,48.52,48.52,52.76,20.24,12.08,23.48,11.8,28.12,19.24,13.08,25.44,18.08,42.36,43.16,31.84
281,2,10,3,2,2,True,0.01,True,0.01,True,0.01,58.64,48.44,54.76,48.44,58.88,54.12,65.32,47.52,60.32,48.52,48.52,52.76,10.76,10.12,20.32,0.08,13.0,16.28,10.84,10.36,10.28,12.72,9.64,9.4
284,2,10,3,2,2,True,0.5,True,0.5,True,0.5,58.64,48.44,54.76,48.44,58.88,54.12,65.32,47.52,60.32,48.52,48.52,52.76,49.56,29.8,45.52,48.64,47.08,45.92,47.0,49.4,48.6,49.4,49.4,49.56
287,2,10,3,2,2,True,10,True,10,True,10,58.64,48.44,54.76,48.44,58.88,54.12,65.32,47.52,60.32,48.52,48.52,52.76,48.28,39.12,46.84,42.32,47.08,46.2,45.8,49.12,47.92,49.32,49.36,48.32
286,2,10,3,2,2,True,5,True,5,True,5,58.64,48.44,54.76,48.44,58.88,54.12,65.32,47.52,60.32,48.52,48.52,52.76,50.88,36.48,45.96,47.44,47.96,45.84,48.88,49.68,50.48,49.4,49.4,50.56
285,2,10,3,2,2,True,1,True,1,True,1,58.64,48.44,54.76,48.44,58.88,54.12,65.32,47.52,60.32,48.52,48.52,52.76,47.76,28.16,43.16,49.4,46.8,44.08,45.6,48.68,47.76,49.4,49.4,47.76
289,2,10,3,3,2,True,0.05,True,0.05,True,0.05,58.64,48.44,54.76,48.44,58.88,54.12,65.32,47.52,60.32,48.52,48.52,52.76,18.28,12.76,22.04,5.2,21.72,20.64,15.76,17.2,17.2,25.76,27.56,20.08
290,2,10,3,3,2,True,0.1,True,0.1,True,0.1,58.64,48.44,54.76,48.44,58.88,54.12,65.32,47.52,60.32,48.52,48.52,52.76,22.04,13.8,20.84,9.56,22.08,21.16,19.68,19.28,20.0,26.8,26.92,23.76
288,2,10,3,3,2,True,0.01,True,0.01,True,0.01,58.64,48.44,54.76,48.44,58.88,54.12,65.32,47.52,60.32,48.52,48.52,52.76,19.24,15.28,17.04,2.44,17.48,20.92,14.08,19.64,19.04,9.6,7.76,13.04
291,2,10,3,3,2,True,0.5,True,0.5,True,0.5,58.64,48.44,54.76,48.44,58.88,54.12,65.32,47.52,60.32,48.52,48.52,52.76,44.16,25.28,39.8,48.6,45.84,40.12,45.48,44.48,43.28,43.2,43.52,43.76
292,2,10,3,3,2,True,1,True,1,True,1,58.64,48.44,54.76,48.44,58.88,54.12,65.32,47.52,60.32,48.52,48.52,52.76,49.48,30.16,43.88,50.6,46.8,46.88,48.36,49.52,49.12,49.4,49.4,48.88
294,2,10,3,3,2,True,10,True,10,True,10,58.64,48.44,54.76,48.44,58.88,54.12,65.32,47.52,60.32,48.52,48.52,52.76,52.84,42.28,48.88,49.52,51.44,51.0,53.32,48.68,53.68,49.32,49.24,52.48
293,2,10,3,3,2,True,5,True,5,True,5,58.64,48.44,54.76,48.44,58.88,54.12,65.32,47.52,60.32,48.52,48.52,52.76,50.52,35.4,49.8,43.16,52.24,48.48,50.32,49.48,51.92,49.4,49.4,51.2
295,2,4,4,1,1,True,0.01,True,0.01,True,0.01,58.64,48.44,54.76,48.44,58.88,54.12,65.32,47.52,60.32,48.52,48.52,52.76,42.52,29.2,38.24,47.44,44.92,39.56,39.88,39.6,39.72,48.08,49.96,47.12
300,2,4,4,1,1,True,5,True,5,True,5,58.64,48.44,54.76,48.44,58.88,54.12,65.32,47.52,60.32,48.52,48.52,52.76,48.68,43.0,46.48,49.4,47.0,47.44,49.0,40.08,48.08,49.4,49.4,48.68
296,2,4,4,1,1,True,0.05,True,0.05,True,0.05,58.64,48.44,54.76,48.44,58.88,54.12,65.32,47.52,60.32,48.52,48.52,52.76,49.12,38.36,45.88,49.4,47.72,46.72,49.6,43.48,47.76,49.56,49.44,49.24
297,2,4,4,1,1,True,0.1,True,0.1,True,0.1,58.64,48.44,54.76,48.44,58.88,54.12,65.32,47.52,60.32,48.52,48.52,52.76,47.32,35.52,45.56,49.4,45.96,45.32,45.16,47.4,46.72,49.12,49.08,48.4
299,2,4,4,1,1,True,1,True,1,True,1,58.64,48.44,54.76,48.44,58.88,54.12,65.32,47.52,60.32,48.52,48.52,52.76,48.64,41.32,46.84,45.16,47.32,47.44,47.2,46.32,48.36,49.36,49.48,49.64
301,2,4,4,1,1,True,10,True,10,True,10,58.64,48.44,54.76,48.44,58.88,54.12,65.32,47.52,60.32,48.52,48.52,52.76,48.16,42.8,45.76,42.2,46.6,47.72,47.6,46.52,48.24,49.4,49.4,49.24
298,2,4,4,1,1,True,0.5,True,0.5,True,0.5,58.64,48.44,54.76,48.44,58.88,54.12,65.32,47.52,60.32,48.52,48.52,52.76,47.92,39.84,47.52,42.0,46.04,47.0,49.4,48.12,48.6,49.2,49.48,48.72
302,2,4,4,2,1,True,0.01,True,0.01,True,0.01,58.64,48.44,54.76,48.44,58.88,54.12,65.32,47.52,60.32,48.52,48.52,52.76,18.84,17.0,22.96,43.92,22.2,22.04,18.08,21.44,18.64,18.56,18.88,18.0
305,2,4,4,2,1,True,0.5,True,0.5,True,0.5,58.64,48.44,54.76,48.44,58.88,54.12,65.32,47.52,60.32,48.52,48.52,52.76,49.6,40.2,46.84,49.28,45.68,45.96,48.32,48.4,49.2,49.52,49.52,48.8
303,2,4,4,2,1,True,0.05,True,0.05,True,0.05,58.64,48.44,54.76,48.44,58.88,54.12,65.32,47.52,60.32,48.52,48.52,52.76,47.84,33.32,46.2,49.4,47.12,45.8,47.92,47.08,47.96,48.56,48.48,47.84
307,2,4,4,2,1,True,5,True,5,True,5,58.64,48.44,54.76,48.44,58.88,54.12,65.32,47.52,60.32,48.52,48.52,52.76,49.0,40.84,48.08,46.4,47.08,47.48,46.84,46.8,47.84,49.4,49.4,48.92
304,2,4,4,2,1,True,0.1,True,0.1,True,0.1,58.64,48.44,54.76,48.44,58.88,54.12,65.32,47.52,60.32,48.52,48.52,52.76,47.12,32.76,46.2,44.12,46.92,45.4,47.44,49.12,47.08,47.96,48.96,49.04
306,2,4,4,2,1,True,1,True,1,True,1,58.64,48.44,54.76,48.44,58.88,54.12,65.32,47.52,60.32,48.52,48.52,52.76,50.0,40.68,48.84,42.96,48.92,47.12,46.28,49.52,50.08,49.4,49.4,49.2
308,2,4,4,2,1,True,10,True,10,True,10,58.64,48.44,54.76,48.44,58.88,54.12,65.32,47.52,60.32,48.52,48.52,52.76,48.12,43.24,46.16,49.4,46.84,46.48,45.36,43.28,48.24,49.4,49.4,49.0
309,2,4,4,3,1,True,0.01,True,0.01,True,0.01,58.64,48.44,54.76,48.44,58.88,54.12,65.32,47.52,60.32,48.52,48.52,52.76,22.44,13.28,18.84,0.0,17.44,20.28,17.92,22.84,20.96,18.88,18.72,17.12
310,2,4,4,3,1,True,0.05,True,0.05,True,0.05,58.64,48.44,54.76,48.44,58.88,54.12,65.32,47.52,60.32,48.52,48.52,52.76,26.2,14.76,28.08,37.36,34.24,24.36,22.12,24.36,23.84,35.24,36.0,30.24
311,2,4,4,3,1,True,0.1,True,0.1,True,0.1,58.64,48.44,54.76,48.44,58.88,54.12,65.32,47.52,60.32,48.52,48.52,52.76,34.96,15.2,30.76,42.48,36.6,29.12,28.68,33.16,31.44,41.48,41.32,35.92
314,2,4,4,3,1,True,5,True,5,True,5,58.64,48.44,54.76,48.44,58.88,54.12,65.32,47.52,60.32,48.52,48.52,52.76,50.44,37.88,46.2,48.2,47.12,46.56,46.84,48.36,48.52,49.2,49.64,49.2
312,2,4,4,3,1,True,0.5,True,0.5,True,0.5,58.64,48.44,54.76,48.44,58.88,54.12,65.32,47.52,60.32,48.52,48.52,52.76,47.16,34.4,46.92,43.24,48.04,45.16,46.28,48.2,46.36,49.4,49.04,48.76
313,2,4,4,3,1,True,1,True,1,True,1,58.64,48.44,54.76,48.44,58.88,54.12,65.32,47.52,60.32,48.52,48.52,52.76,45.08,33.96,46.72,42.88,47.2,46.92,47.92,47.12,44.68,48.72,48.8,48.36
315,2,4,4,3,1,True,10,True,10,True,10,58.64,48.44,54.76,48.44,58.88,54.12,65.32,47.52,60.32,48.52,48.52,52.76,48.76,43.36,46.12,46.16,47.48,47.12,47.56,34.72,48.32,49.4,49.4,49.36
316,2,4,4,1,2,True,0.01,True,0.01,True,0.01,58.64,48.44,54.76,48.44,58.88,54.12,65.32,47.52,60.32,48.52,48.52,52.76,16.36,12.6,21.48,42.84,18.84,19.56,15.88,18.8,13.8,26.8,28.12,23.0
322,2,4,4,1,2,True,10,True,10,True,10,58.64,48.44,54.76,48.44,58.88,54.12,65.32,47.52,60.32,48.52,48.52,52.76,54.96,45.16,49.16,49.4,51.68,50.96,59.16,45.92,55.8,49.4,49.36,53.56
318,2,4,4,1,2,True,0.1,True,0.1,True,0.1,58.64,48.44,54.76,48.44,58.88,54.12,65.32,47.52,60.32,48.52,48.52,52.76,50.64,36.6,46.6,45.8,47.28,46.48,48.44,47.76,50.0,47.76,48.04,49.76
321,2,4,4,1,2,True,5,True,5,True,5,58.64,48.44,54.76,48.44,58.88,54.12,65.32,47.52,60.32,48.52,48.52,52.76,54.08,43.44,48.64,49.2,50.04,49.8,56.84,46.44,54.24,49.44,49.48,52.68
317,2,4,4,1,2,True,0.05,True,0.05,True,0.05,58.64,48.44,54.76,48.44,58.88,54.12,65.32,47.52,60.32,48.52,48.52,52.76,44.04,23.28,35.16,42.8,43.92,36.08,41.32,44.84,39.72,48.36,48.04,46.52
320,2,4,4,1,2,True,1,True,1,True,1,58.64,48.44,54.76,48.44,58.88,54.12,65.32,47.52,60.32,48.52,48.52,52.76,53.92,42.92,47.48,49.4,51.44,49.32,53.64,48.52,54.44,49.48,49.6,52.28
319,2,4,4,1,2,True,0.5,True,0.5,True,0.5,58.64,48.44,54.76,48.44,58.88,54.12,65.32,47.52,60.32,48.52,48.52,52.76,55.2,42.2,50.24,47.88,51.4,48.96,54.4,49.08,54.4,49.4,49.4,52.52
324,2,4,4,2,2,True,0.05,True,0.05,True,0.05,58.64,48.44,54.76,48.44,58.88,54.12,65.32,47.52,60.32,48.52,48.52,52.76,36.12,14.48,26.84,49.4,35.56,24.16,39.0,38.36,32.44,46.6,46.44,42.36
323,2,4,4,2,2,True,0.01,True,0.01,True,0.01,58.64,48.44,54.76,48.44,58.88,54.12,65.32,47.52,60.32,48.52,48.52,52.76,6.52,10.36,19.8,0.8,8.72,15.48,6.28,6.68,7.72,6.48,8.92,6.76
327,2,4,4,2,2,True,1,True,1,True,1,58.64,48.44,54.76,48.44,58.88,54.12,65.32,47.52,60.32,48.52,48.52,52.76,50.76,34.32,46.4,49.4,49.28,47.8,48.48,49.64,50.68,49.48,49.52,48.6
326,2,4,4,2,2,True,0.5,True,0.5,True,0.5,58.64,48.44,54.76,48.44,58.88,54.12,65.32,47.52,60.32,48.52,48.52,52.76,49.72,20.6,38.88,43.52,47.64,38.8,48.6,46.4,49.76,48.72,48.48,49.4
325,2,4,4,2,2,True,0.1,True,0.1,True,0.1,58.64,48.44,54.76,48.44,58.88,54.12,65.32,47.52,60.32,48.52,48.52,52.76,44.56,17.44,33.04,49.24,43.8,32.64,42.16,48.0,43.08,48.36,48.72,47.44
328,2,4,4,2,2,True,5,True,5,True,5,58.64,48.44,54.76,48.44,58.88,54.12,65.32,47.52,60.32,48.52,48.52,52.76,49.6,40.16,48.36,42.88,48.6,47.56,49.08,48.04,49.96,49.32,49.28,49.44
329,2,4,4,2,2,True,10,True,10,True,10,58.64,48.44,54.76,48.44,58.88,54.12,65.32,47.52,60.32,48.52,48.52,52.76,49.92,41.32,49.52,44.16,49.4,46.76,49.6,48.36,49.12,49.68,49.6,49.16
330,2,4,4,3,2,True,0.01,True,0.01,True,0.01,58.64,48.44,54.76,48.44,58.88,54.12,65.32,47.52,60.32,48.52,48.52,52.76,16.24,14.16,18.6,6.48,15.28,18.04,17.16,19.04,16.88,14.68,13.76,13.92
331,2,4,4,3,2,True,0.05,True,0.05,True,0.05,58.64,48.44,54.76,48.44,58.88,54.12,65.32,47.52,60.32,48.52,48.52,52.76,23.24,12.96,19.32,15.4,18.32,19.84,24.68,17.6,21.0,12.56,10.52,16.76
332,2,4,4,3,2,True,0.1,True,0.1,True,0.1,58.64,48.44,54.76,48.44,58.88,54.12,65.32,47.52,60.32,48.52,48.52,52.76,36.24,17.96,31.68,33.48,40.4,29.44,32.44,34.2,32.4,42.04,44.8,37.8
334,2,4,4,3,2,True,1,True,1,True,1,58.64,48.44,54.76,48.44,58.88,54.12,65.32,47.52,60.32,48.52,48.52,52.76,38.24,19.56,31.44,42.64,40.88,30.56,32.24,36.8,34.28,40.96,40.92,38.6
333,2,4,4,3,2,True,0.5,True,0.5,True,0.5,58.64,48.44,54.76,48.44,58.88,54.12,65.32,47.52,60.32,48.52,48.52,52.76,40.76,23.28,35.64,49.44,44.56,35.76,39.36,42.32,38.76,46.72,46.92,45.36
336,2,4,4,3,2,True,10,True,10,True,10,58.64,48.44,54.76,48.44,58.88,54.12,65.32,47.52,60.32,48.52,48.52,52.76,49.96,32.6,44.8,42.88,47.88,46.56,45.36,50.4,49.08,49.24,49.44,49.28
335,2,4,4,3,2,True,5,True,5,True,5,58.64,48.44,54.76,48.44,58.88,54.12,65.32,47.52,60.32,48.52,48.52,52.76,48.36,29.48,43.28,48.72,47.48,43.24,46.52,46.6,48.72,47.12,46.88,48.16
343,3,4,1,1,1,True,10,True,10,True,10,85.58,79.93,82.27,80.9,76.38,82.92,79.7,85.2,85.57,79.54,82.76,81.41,81.3,73.48,78.13,49.98,76.38,77.82,60.46,81.38,81.23,79.51,79.83,79.88
338,3,4,1,1,1,True,0.05,True,0.05,True,0.05,85.58,79.93,82.27,80.9,76.38,82.92,79.7,85.2,85.57,79.54,82.76,81.41,75.71,60.91,71.37,79.74,76.38,68.89,76.04,76.3,75.78,76.89,76.38,75.33
342,3,4,1,1,1,True,5,True,5,True,5,85.58,79.93,82.27,80.9,76.38,82.92,79.7,85.2,85.57,79.54,82.76,81.41,80.15,73.41,77.61,72.16,76.38,76.39,78.72,80.09,80.04,79.25,79.08,79.33
341,3,4,1,1,1,True,1,True,1,True,1,85.58,79.93,82.27,80.9,76.38,82.92,79.7,85.2,85.57,79.54,82.76,81.41,80.15,73.51,77.51,80.08,76.38,77.03,78.79,80.11,80.09,79.79,79.0,79.87
340,3,4,1,1,1,True,0.5,True,0.5,True,0.5,85.58,79.93,82.27,80.9,76.38,82.92,79.7,85.2,85.57,79.54,82.76,81.41,76.43,70.56,73.13,69.31,76.38,73.78,74.94,76.3,76.33,76.9,75.95,72.29
337,3,4,1,1,1,True,0.01,True,0.01,True,0.01,85.58,79.93,82.27,80.9,76.38,82.92,79.7,85.2,85.57,79.54,82.76,81.41,74.71,63.01,69.69,76.37,76.38,66.91,76.58,74.83,74.61,76.38,76.38,76.27
339,3,4,1,1,1,True,0.1,True,0.1,True,0.1,85.58,79.93,82.27,80.9,76.38,82.92,79.7,85.2,85.57,79.54,82.76,81.41,76.03,62.93,72.27,78.95,76.38,68.37,76.54,76.21,76.01,76.97,76.38,75.41
345,3,4,1,2,1,True,0.05,True,0.05,True,0.05,85.58,79.93,82.27,80.9,76.38,82.92,79.7,85.2,85.57,79.54,82.76,81.41,81.36,73.12,74.3,76.34,76.38,76.74,76.38,81.32,81.18,76.26,75.85,75.86
347,3,4,1,2,1,True,0.5,True,0.5,True,0.5,85.58,79.93,82.27,80.9,76.38,82.92,79.7,85.2,85.57,79.54,82.76,81.41,76.35,63.58,72.08,66.37,76.38,70.54,75.98,76.29,76.4,76.26,75.95,76.19
346,3,4,1,2,1,True,0.1,True,0.1,True,0.1,85.58,79.93,82.27,80.9,76.38,82.92,79.7,85.2,85.57,79.54,82.76,81.41,75.86,62.58,70.29,78.56,76.38,69.31,76.55,76.1,75.87,76.38,76.38,75.27
349,3,4,1,2,1,True,5,True,5,True,5,85.58,79.93,82.27,80.9,76.38,82.92,79.7,85.2,85.57,79.54,82.76,81.41,79.9,72.8,77.35,77.7,76.38,76.9,28.14,80.07,79.95,79.92,78.83,80.09
350,3,4,1,2,1,True,10,True,10,True,10,85.58,79.93,82.27,80.9,76.38,82.92,79.7,85.2,85.57,79.54,82.76,81.41,80.19,73.15,77.43,78.26,76.38,77.23,77.53,80.22,80.15,79.34,78.91,79.39
344,3,4,1,2,1,True,0.01,True,0.01,True,0.01,85.58,79.93,82.27,80.9,76.38,82.92,79.7,85.2,85.57,79.54,82.76,81.41,79.97,70.58,76.06,51.88,76.38,75.84,76.46,79.89,79.99,76.89,76.9,76.91
352,3,4,1,3,1,True,0.05,True,0.05,True,0.05,85.58,79.93,82.27,80.9,76.38,82.92,79.7,85.2,85.57,79.54,82.76,81.41,75.85,70.09,73.99,23.71,76.38,72.45,62.59,76.08,75.94,76.38,76.38,75.89
354,3,4,1,3,1,True,0.5,True,0.5,True,0.5,85.58,79.93,82.27,80.9,76.38,82.92,79.7,85.2,85.57,79.54,82.76,81.41,77.67,67.35,71.35,31.4,76.38,73.47,76.56,79.78,78.26,76.9,76.38,76.89
356,3,4,1,3,1,True,5,True,5,True,5,85.58,79.93,82.27,80.9,76.38,82.92,79.7,85.2,85.57,79.54,82.76,81.41,79.98,73.44,77.1,32.9,76.38,76.06,74.8,79.99,79.98,80.25,78.85,80.31
355,3,4,1,3,1,True,1,True,1,True,1,85.58,79.93,82.27,80.9,76.38,82.92,79.7,85.2,85.57,79.54,82.76,81.41,78.47,67.45,74.44,76.54,76.38,73.66,75.48,78.62,78.5,76.38,76.38,75.78
353,3,4,1,3,1,True,0.1,True,0.1,True,0.1,85.58,79.93,82.27,80.9,76.38,82.92,79.7,85.2,85.57,79.54,82.76,81.41,75.92,69.47,74.74,30.56,76.38,72.23,76.53,75.44,75.92,76.39,76.38,76.44
351,3,4,1,3,1,True,0.01,True,0.01,True,0.01,85.58,79.93,82.27,80.9,76.38,82.92,79.7,85.2,85.57,79.54,82.76,81.41,76.12,68.41,69.4,78.69,76.38,72.71,43.34,74.87,76.16,76.38,76.38,74.52
348,3,4,1,2,1,True,1,True,1,True,1,85.58,79.93,82.27,80.9,76.38,82.92,79.7,85.2,85.57,79.54,82.76,81.41,76.3,62.67,70.95,62.15,76.38,69.07,76.43,76.38,76.29,76.42,76.38,76.54
357,3,4,1,3,1,True,10,True,10,True,10,85.58,79.93,82.27,80.9,76.38,82.92,79.7,85.2,85.57,79.54,82.76,81.41,80.05,73.28,77.27,29.98,76.38,76.78,78.59,80.22,80.16,80.14,79.01,80.27
359,3,13,1,1,2,True,0.05,True,0.05,True,0.05,85.58,79.93,82.27,80.9,76.38,82.92,79.7,85.2,85.57,79.54,82.76,81.41,82.53,76.82,77.36,40.21,76.38,80.31,25.94,81.3,82.47,76.9,77.11,77.04
360,3,13,1,1,2,True,0.1,True,0.1,True,0.1,85.58,79.93,82.27,80.9,76.38,82.92,79.7,85.2,85.57,79.54,82.76,81.41,83.06,79.2,80.79,79.75,76.38,81.95,43.07,82.7,83.4,76.72,78.06,78.05
358,3,13,1,1,2,True,0.01,True,0.01,True,0.01,85.58,79.93,82.27,80.9,76.38,82.92,79.7,85.2,85.57,79.54,82.76,81.41,78.22,74.57,77.05,23.19,23.62,78.15,76.38,77.55,78.51,76.37,76.38,76.27
364,3,13,1,1,2,True,10,True,10,True,10,85.58,79.93,82.27,80.9,76.38,82.92,79.7,85.2,85.57,79.54,82.76,81.41,82.37,75.26,78.4,76.32,76.38,78.9,76.41,82.26,82.22,77.1,81.97,81.57
363,3,13,1,1,2,True,5,True,5,True,5,85.58,79.93,82.27,80.9,76.38,82.92,79.7,85.2,85.57,79.54,82.76,81.41,78.02,67.66,74.17,77.09,76.38,72.99,76.01,78.1,78.04,76.91,77.57,76.65
361,3,13,1,1,2,True,0.5,True,0.5,True,0.5,85.58,79.93,82.27,80.9,76.38,82.92,79.7,85.2,85.57,79.54,82.76,81.41,75.99,67.9,73.49,43.26,76.38,71.7,26.64,76.11,75.8,76.63,76.33,76.12
362,3,13,1,1,2,True,1,True,1,True,1,85.58,79.93,82.27,80.9,76.38,82.92,79.7,85.2,85.57,79.54,82.76,81.41,78.03,65.43,73.38,75.39,76.38,71.81,76.67,76.16,77.91,76.9,76.37,76.24
369,3,13,1,2,2,True,1,True,1,True,1,85.58,79.93,82.27,80.9,76.38,82.92,79.7,85.2,85.57,79.54,82.76,81.41,76.86,62.32,70.13,25.98,76.38,69.63,76.47,76.33,76.51,76.39,76.37,76.42
365,3,13,1,2,2,True,0.01,True,0.01,True,0.01,85.58,79.93,82.27,80.9,76.38,82.92,79.7,85.2,85.57,79.54,82.76,81.41,74.58,53.06,55.01,75.08,76.38,48.11,23.59,75.48,74.49,76.38,72.18,72.82
366,3,13,1,2,2,True,0.05,True,0.05,True,0.05,85.58,79.93,82.27,80.9,76.38,82.92,79.7,85.2,85.57,79.54,82.76,81.41,76.24,50.1,60.27,46.73,76.38,50.11,23.44,76.19,76.08,76.38,76.38,73.01
367,3,13,1,2,2,True,0.1,True,0.1,True,0.1,85.58,79.93,82.27,80.9,76.38,82.92,79.7,85.2,85.57,79.54,82.76,81.41,74.57,63.04,65.35,76.19,76.38,64.79,31.69,74.12,74.54,76.38,74.63,72.05
368,3,13,1,2,2,True,0.5,True,0.5,True,0.5,85.58,79.93,82.27,80.9,76.38,82.92,79.7,85.2,85.57,79.54,82.76,81.41,78.36,71.06,73.88,78.37,76.38,77.03,76.4,78.48,78.49,76.38,76.47,77.18
371,3,13,1,2,2,True,10,True,10,True,10,85.58,79.93,82.27,80.9,76.38,82.92,79.7,85.2,85.57,79.54,82.76,81.41,82.36,74.85,77.3,75.04,76.38,78.26,78.36,82.24,82.27,76.9,80.33,80.28
370,3,13,1,2,2,True,5,True,5,True,5,85.58,79.93,82.27,80.9,76.38,82.92,79.7,85.2,85.57,79.54,82.76,81.41,83.96,76.89,80.02,79.31,76.38,80.51,78.07,83.55,83.96,77.14,80.68,80.48
372,3,13,1,3,2,True,0.01,True,0.01,True,0.01,85.58,79.93,82.27,80.9,76.38,82.92,79.7,85.2,85.57,79.54,82.76,81.41,57.42,52.96,61.26,30.02,23.62,43.2,69.11,61.62,57.9,73.9,49.76,45.77
375,3,13,1,3,2,True,0.5,True,0.5,True,0.5,85.58,79.93,82.27,80.9,76.38,82.92,79.7,85.2,85.57,79.54,82.76,81.41,76.38,69.69,72.52,71.34,76.38,73.92,35.18,76.44,76.4,76.38,76.38,76.38
377,3,13,1,3,2,True,5,True,5,True,5,85.58,79.93,82.27,80.9,76.38,82.92,79.7,85.2,85.57,79.54,82.76,81.41,81.76,70.1,73.34,63.84,76.38,74.92,72.47,81.09,81.81,76.46,76.44,76.81
378,3,13,1,3,2,True,10,True,10,True,10,85.58,79.93,82.27,80.9,76.38,82.92,79.7,85.2,85.57,79.54,82.76,81.41,82.58,71.2,75.02,76.44,76.38,76.89,76.42,80.95,82.36,76.67,76.49,78.72
373,3,13,1,3,2,True,0.05,True,0.05,True,0.05,85.58,79.93,82.27,80.9,76.38,82.92,79.7,85.2,85.57,79.54,82.76,81.41,72.72,58.85,49.49,75.62,76.38,57.35,23.62,74.93,72.86,76.03,71.76,60.08
374,3,13,1,3,2,True,0.1,True,0.1,True,0.1,85.58,79.93,82.27,80.9,76.38,82.92,79.7,85.2,85.57,79.54,82.76,81.41,63.39,50.33,62.23,76.01,76.38,50.45,23.49,71.14,64.92,76.9,81.24,59.55
376,3,13,1,3,2,True,1,True,1,True,1,85.58,79.93,82.27,80.9,76.38,82.92,79.7,85.2,85.57,79.54,82.76,81.41,77.08,66.4,72.26,27.55,76.38,73.28,76.6,76.96,77.4,76.38,76.38,76.49
382,3,13,2,1,1,True,0.5,True,0.5,True,0.5,85.58,79.93,82.27,80.9,76.38,82.92,79.7,85.2,85.57,79.54,82.76,81.41,75.93,69.74,72.74,76.38,76.38,73.04,76.15,75.62,75.93,76.38,76.03,73.01
385,3,13,2,1,1,True,10,True,10,True,10,85.58,79.93,82.27,80.9,76.38,82.92,79.7,85.2,85.57,79.54,82.76,81.41,80.11,73.02,77.43,79.97,76.38,76.64,79.14,80.11,80.1,79.52,79.03,79.54
384,3,13,2,1,1,True,5,True,5,True,5,85.58,79.93,82.27,80.9,76.38,82.92,79.7,85.2,85.57,79.54,82.76,81.41,80.14,73.32,77.38,34.75,76.38,76.97,67.59,80.15,80.15,79.65,78.92,79.8
380,3,13,2,1,1,True,0.05,True,0.05,True,0.05,85.58,79.93,82.27,80.9,76.38,82.92,79.7,85.2,85.57,79.54,82.76,81.41,74.61,58.84,69.05,75.08,76.38,66.56,29.26,74.09,74.63,76.38,76.38,75.95
381,3,13,2,1,1,True,0.1,True,0.1,True,0.1,85.58,79.93,82.27,80.9,76.38,82.92,79.7,85.2,85.57,79.54,82.76,81.41,76.0,61.4,70.87,48.62,76.38,67.42,76.56,76.38,75.98,76.52,76.38,76.2
379,3,13,2,1,1,True,0.01,True,0.01,True,0.01,85.58,79.93,82.27,80.9,76.38,82.92,79.7,85.2,85.57,79.54,82.76,81.41,76.51,63.58,71.56,68.6,76.38,71.77,76.52,76.48,76.47,76.38,76.38,76.46
383,3,13,2,1,1,True,1,True,1,True,1,85.58,79.93,82.27,80.9,76.38,82.92,79.7,85.2,85.57,79.54,82.76,81.41,75.94,71.28,73.67,81.2,76.38,73.93,69.5,75.94,75.7,76.42,75.98,72.27
389,3,13,2,2,1,True,0.5,True,0.5,True,0.5,85.58,79.93,82.27,80.9,76.38,82.92,79.7,85.2,85.57,79.54,82.76,81.41,76.03,69.73,73.06,60.71,76.38,73.4,26.9,75.89,76.06,76.9,76.39,76.8
391,3,13,2,2,1,True,5,True,5,True,5,85.58,79.93,82.27,80.9,76.38,82.92,79.7,85.2,85.57,79.54,82.76,81.41,76.28,70.85,74.14,72.55,76.38,74.34,75.74,76.37,76.33,77.13,76.37,73.82
388,3,13,2,2,1,True,0.1,True,0.1,True,0.1,85.58,79.93,82.27,80.9,76.38,82.92,79.7,85.2,85.57,79.54,82.76,81.41,76.77,63.3,69.89,62.45,76.38,71.37,75.01,76.89,76.84,76.38,75.3,74.56
392,3,13,2,2,1,True,10,True,10,True,10,85.58,79.93,82.27,80.9,76.38,82.92,79.7,85.2,85.57,79.54,82.76,81.41,79.96,73.89,77.86,78.14,76.38,77.42,28.62,79.95,79.9,80.36,78.79,81.33
390,3,13,2,2,1,True,1,True,1,True,1,85.58,79.93,82.27,80.9,76.38,82.92,79.7,85.2,85.57,79.54,82.76,81.41,76.37,62.58,71.12,76.38,76.38,69.56,76.38,76.36,76.36,76.13,76.37,76.08
387,3,13,2,2,1,True,0.05,True,0.05,True,0.05,85.58,79.93,82.27,80.9,76.38,82.92,79.7,85.2,85.57,79.54,82.76,81.41,77.43,66.26,74.14,75.4,76.38,73.31,76.44,78.27,77.51,76.75,76.43,76.7
386,3,13,2,2,1,True,0.01,True,0.01,True,0.01,85.58,79.93,82.27,80.9,76.38,82.92,79.7,85.2,85.57,79.54,82.76,81.41,76.38,60.68,70.9,76.52,76.38,70.43,76.38,76.38,76.38,76.38,76.38,76.38
399,3,13,2,3,1,True,10,True,10,True,10,85.58,79.93,82.27,80.9,76.38,82.92,79.7,85.2,85.57,79.54,82.76,81.41,79.51,72.76,77.19,76.94,76.38,76.71,75.86,79.52,79.5,77.07,77.0,79.1
398,3,13,2,3,1,True,5,True,5,True,5,85.58,79.93,82.27,80.9,76.38,82.92,79.7,85.2,85.57,79.54,82.76,81.41,79.45,70.63,74.93,76.21,76.38,76.06,76.25,79.48,79.42,76.97,76.87,78.07
396,3,13,2,3,1,True,0.5,True,0.5,True,0.5,85.58,79.93,82.27,80.9,76.38,82.92,79.7,85.2,85.57,79.54,82.76,81.41,76.4,64.87,74.44,73.42,76.38,73.64,76.56,76.47,76.42,76.9,76.38,76.84
397,3,13,2,3,1,True,1,True,1,True,1,85.58,79.93,82.27,80.9,76.38,82.92,79.7,85.2,85.57,79.54,82.76,81.41,81.19,71.06,74.19,76.91,76.38,77.36,57.56,80.93,81.38,76.38,76.99,77.48
393,3,13,2,3,1,True,0.01,True,0.01,True,0.01,85.58,79.93,82.27,80.9,76.38,82.92,79.7,85.2,85.57,79.54,82.76,81.41,68.42,39.41,36.16,60.48,76.38,46.29,24.54,56.58,70.11,73.63,72.84,69.44
395,3,13,2,3,1,True,0.1,True,0.1,True,0.1,85.58,79.93,82.27,80.9,76.38,82.92,79.7,85.2,85.57,79.54,82.76,81.41,76.85,63.02,76.37,23.04,76.38,75.4,76.72,76.7,76.86,76.9,76.82,76.8
394,3,13,2,3,1,True,0.05,True,0.05,True,0.05,85.58,79.93,82.27,80.9,76.38,82.92,79.7,85.2,85.57,79.54,82.76,81.41,69.69,56.38,50.98,37.95,76.38,53.54,76.88,66.06,71.14,76.89,73.15,72.56
401,3,13,2,1,2,True,0.05,True,0.05,True,0.05,85.58,79.93,82.27,80.9,76.38,82.92,79.7,85.2,85.57,79.54,82.76,81.41,81.25,77.85,79.61,79.65,76.38,81.17,77.35,80.09,81.33,76.89,76.72,76.85
402,3,13,2,1,2,True,0.1,True,0.1,True,0.1,85.58,79.93,82.27,80.9,76.38,82.92,79.7,85.2,85.57,79.54,82.76,81.41,82.7,79.75,80.19,76.57,76.38,82.6,61.13,80.54,82.87,76.7,77.84,77.31
400,3,13,2,1,2,True,0.01,True,0.01,True,0.01,85.58,79.93,82.27,80.9,76.38,82.92,79.7,85.2,85.57,79.54,82.76,81.41,76.25,75.25,77.06,75.97,76.38,75.98,29.84,76.35,76.27,76.37,76.01,76.14
406,3,13,2,1,2,True,10,True,10,True,10,85.58,79.93,82.27,80.9,76.38,82.92,79.7,85.2,85.57,79.54,82.76,81.41,82.35,75.0,78.18,81.89,76.38,78.88,30.16,82.25,82.15,77.69,82.0,81.49
403,3,13,2,1,2,True,0.5,True,0.5,True,0.5,85.58,79.93,82.27,80.9,76.38,82.92,79.7,85.2,85.57,79.54,82.76,81.41,76.62,67.81,72.85,76.43,76.38,71.83,76.51,76.8,76.72,76.48,76.25,76.7
404,3,13,2,1,2,True,1,True,1,True,1,85.58,79.93,82.27,80.9,76.38,82.92,79.7,85.2,85.57,79.54,82.76,81.41,77.53,65.65,73.11,46.45,76.38,71.71,28.77,76.43,77.62,76.89,76.4,76.05
405,3,13,2,1,2,True,5,True,5,True,5,85.58,79.93,82.27,80.9,76.38,82.92,79.7,85.2,85.57,79.54,82.76,81.41,77.95,65.32,73.5,26.29,76.38,71.49,29.38,78.05,77.97,76.9,77.23,76.75
412,3,13,2,2,2,True,5,True,5,True,5,85.58,79.93,82.27,80.9,76.38,82.92,79.7,85.2,85.57,79.54,82.76,81.41,82.37,73.52,76.87,24.91,76.38,78.32,25.49,82.21,82.22,76.38,79.46,79.15
409,3,13,2,2,2,True,0.1,True,0.1,True,0.1,85.58,79.93,82.27,80.9,76.38,82.92,79.7,85.2,85.57,79.54,82.76,81.41,76.77,73.5,74.5,76.92,76.38,76.06,76.2,76.39,76.75,76.38,76.21,75.97
408,3,13,2,2,2,True,0.05,True,0.05,True,0.05,85.58,79.93,82.27,80.9,76.38,82.92,79.7,85.2,85.57,79.54,82.76,81.41,76.43,67.05,69.58,76.25,76.38,74.37,35.04,76.4,76.4,76.38,76.38,76.35
407,3,13,2,2,2,True,0.01,True,0.01,True,0.01,85.58,79.93,82.27,80.9,76.38,82.92,79.7,85.2,85.57,79.54,82.76,81.41,75.36,66.26,64.45,23.5,76.38,68.15,26.41,77.0,75.58,76.9,76.91,76.57
410,3,13,2,2,2,True,0.5,True,0.5,True,0.5,85.58,79.93,82.27,80.9,76.38,82.92,79.7,85.2,85.57,79.54,82.76,81.41,82.36,73.53,78.36,76.63,76.38,78.75,76.16,80.01,82.22,76.9,76.59,76.94
411,3,13,2,2,2,True,1,True,1,True,1,85.58,79.93,82.27,80.9,76.38,82.92,79.7,85.2,85.57,79.54,82.76,81.41,83.48,72.76,78.06,77.64,76.38,79.05,77.63,82.52,83.58,76.89,76.99,77.24
413,3,13,2,2,2,True,10,True,10,True,10,85.58,79.93,82.27,80.9,76.38,82.92,79.7,85.2,85.57,79.54,82.76,81.41,82.31,74.76,77.25,75.29,76.38,78.64,75.22,82.21,82.24,76.75,80.22,79.87
416,3,13,2,3,2,True,0.1,True,0.1,True,0.1,85.58,79.93,82.27,80.9,76.38,82.92,79.7,85.2,85.57,79.54,82.76,81.41,75.84,59.86,64.72,28.55,76.38,60.28,76.54,72.63,76.58,76.9,74.12,74.71
414,3,13,2,3,2,True,0.01,True,0.01,True,0.01,85.58,79.93,82.27,80.9,76.38,82.92,79.7,85.2,85.57,79.54,82.76,81.41,61.89,43.3,42.93,30.64,23.62,40.14,76.4,61.45,62.67,24.27,55.11,57.35
417,3,13,2,3,2,True,0.5,True,0.5,True,0.5,85.58,79.93,82.27,80.9,76.38,82.92,79.7,85.2,85.57,79.54,82.76,81.41,76.21,66.28,68.56,76.94,76.38,71.6,76.33,76.57,76.3,76.38,76.38,76.31
418,3,13,2,3,2,True,1,True,1,True,1,85.58,79.93,82.27,80.9,76.38,82.92,79.7,85.2,85.57,79.54,82.76,81.41,77.44,66.1,72.2,24.1,76.38,73.67,76.43,77.43,77.43,76.38,76.38,76.24
419,3,13,2,3,2,True,5,True,5,True,5,85.58,79.93,82.27,80.9,76.38,82.92,79.7,85.2,85.57,79.54,82.76,81.41,80.19,70.6,75.5,69.66,76.38,76.14,78.58,78.11,80.09,76.9,76.49,77.05
415,3,13,2,3,2,True,0.05,True,0.05,True,0.05,85.58,79.93,82.27,80.9,76.38,82.92,79.7,85.2,85.57,79.54,82.76,81.41,75.46,63.13,75.54,73.24,76.38,71.22,62.68,75.3,75.35,76.33,74.55,73.37
425,3,2,3,1,1,True,1,True,1,True,1,85.58,79.93,82.27,80.9,76.38,82.92,79.7,85.2,85.57,79.54,82.76,81.41,80.14,73.8,77.17,78.32,76.38,77.04,75.12,80.12,80.12,80.14,78.8,80.04
424,3,2,3,1,1,True,0.5,True,0.5,True,0.5,85.58,79.93,82.27,80.9,76.38,82.92,79.7,85.2,85.57,79.54,82.76,81.41,80.19,72.86,76.87,76.17,76.38,76.3,78.74,80.13,80.1,79.86,78.56,79.93
423,3,2,3,1,1,True,0.1,True,0.1,True,0.1,85.58,79.93,82.27,80.9,76.38,82.92,79.7,85.2,85.57,79.54,82.76,81.41,76.35,69.79,73.31,76.38,76.38,74.12,70.48,76.29,76.25,76.38,76.13,72.52
427,3,2,3,1,1,True,10,True,10,True,10,85.58,79.93,82.27,80.9,76.38,82.92,79.7,85.2,85.57,79.54,82.76,81.41,81.27,73.74,78.19,49.28,76.38,77.86,78.86,81.34,81.28,79.57,79.82,80.03
426,3,2,3,1,1,True,5,True,5,True,5,85.58,79.93,82.27,80.9,76.38,82.92,79.7,85.2,85.57,79.54,82.76,81.41,80.18,73.53,77.39,80.03,76.38,76.66,78.69,80.2,80.14,79.39,78.76,79.43
422,3,2,3,1,1,True,0.05,True,0.05,True,0.05,85.58,79.93,82.27,80.9,76.38,82.92,79.7,85.2,85.57,79.54,82.76,81.41,75.57,61.98,72.05,77.07,76.38,68.64,76.51,75.77,75.6,76.9,76.35,74.71
421,3,2,3,1,1,True,0.01,True,0.01,True,0.01,85.58,79.93,82.27,80.9,76.38,82.92,79.7,85.2,85.57,79.54,82.76,81.41,74.47,61.93,70.47,52.77,76.38,66.55,75.37,73.99,74.64,76.42,75.89,74.63
420,3,4,2,3,2,True,10,True,10,True,10,85.58,79.93,82.27,80.9,76.38,82.92,79.7,85.2,85.57,79.54,82.76,81.41,83.95,77.23,79.99,80.3,76.38,80.52,79.32,83.94,83.95,77.14,80.5,80.12
435,3,2,3,3,1,True,0.01,True,0.01,True,0.01,85.58,79.93,82.27,80.9,76.38,82.92,79.7,85.2,85.57,79.54,82.76,81.41,75.52,50.51,75.83,24.86,76.38,67.64,23.59,76.13,75.31,76.4,55.19,72.18
429,3,2,3,2,1,True,0.05,True,0.05,True,0.05,85.58,79.93,82.27,80.9,76.38,82.92,79.7,85.2,85.57,79.54,82.76,81.41,80.33,76.31,74.96,76.19,76.38,75.77,31.47,79.69,80.08,76.3,77.17,76.0
428,3,2,3,2,1,True,0.01,True,0.01,True,0.01,85.58,79.93,82.27,80.9,76.38,82.92,79.7,85.2,85.57,79.54,82.76,81.41,81.4,71.35,63.23,76.38,76.38,72.85,69.96,80.92,81.4,76.38,68.81,63.87
434,3,2,3,2,1,True,10,True,10,True,10,85.58,79.93,82.27,80.9,76.38,82.92,79.7,85.2,85.57,79.54,82.76,81.41,76.36,69.42,72.85,75.25,76.38,73.21,73.77,76.22,76.43,77.1,75.47,72.13
430,3,2,3,2,1,True,0.1,True,0.1,True,0.1,85.58,79.93,82.27,80.9,76.38,82.92,79.7,85.2,85.57,79.54,82.76,81.41,76.29,62.78,71.64,76.34,76.38,69.9,76.37,76.39,76.5,76.38,76.38,76.38
433,3,2,3,2,1,True,5,True,5,True,5,85.58,79.93,82.27,80.9,76.38,82.92,79.7,85.2,85.57,79.54,82.76,81.41,77.92,66.53,73.25,76.8,76.38,72.89,73.24,77.97,77.88,76.38,78.01,77.69
432,3,2,3,2,1,True,1,True,1,True,1,85.58,79.93,82.27,80.9,76.38,82.92,79.7,85.2,85.57,79.54,82.76,81.41,76.34,62.43,71.71,37.47,76.38,68.96,76.54,76.38,76.35,76.36,76.38,76.27
431,3,2,3,2,1,True,0.5,True,0.5,True,0.5,85.58,79.93,82.27,80.9,76.38,82.92,79.7,85.2,85.57,79.54,82.76,81.41,76.73,62.24,71.68,76.84,76.38,69.75,26.64,76.81,76.69,76.31,76.38,76.13
438,3,2,3,3,1,True,0.5,True,0.5,True,0.5,85.58,79.93,82.27,80.9,76.38,82.92,79.7,85.2,85.57,79.54,82.76,81.41,79.87,77.88,78.83,76.57,76.38,80.64,61.54,79.09,79.34,76.86,77.67,78.15
440,3,2,3,3,1,True,5,True,5,True,5,85.58,79.93,82.27,80.9,76.38,82.92,79.7,85.2,85.57,79.54,82.76,81.41,84.58,79.55,81.14,76.59,76.38,82.36,78.9,84.36,84.59,78.26,81.55,80.36
441,3,2,3,3,1,True,10,True,10,True,10,85.58,79.93,82.27,80.9,76.38,82.92,79.7,85.2,85.57,79.54,82.76,81.41,84.87,79.27,81.1,80.35,76.38,81.65,79.34,84.64,84.85,79.34,82.19,81.74
439,3,2,3,3,1,True,1,True,1,True,1,85.58,79.93,82.27,80.9,76.38,82.92,79.7,85.2,85.57,79.54,82.76,81.41,82.2,78.96,80.06,75.64,76.38,81.37,74.85,81.91,82.36,76.21,78.29,77.45
436,3,2,3,3,1,True,0.05,True,0.05,True,0.05,85.58,79.93,82.27,80.9,76.38,82.92,79.7,85.2,85.57,79.54,82.76,81.41,72.77,67.85,76.51,76.38,76.38,71.16,57.36,73.87,72.77,76.9,75.14,74.71
437,3,2,3,3,1,True,0.1,True,0.1,True,0.1,85.58,79.93,82.27,80.9,76.38,82.92,79.7,85.2,85.57,79.54,82.76,81.41,75.24,68.39,75.92,68.56,76.38,73.59,39.89,75.61,75.66,77.08,76.47,75.62
464,3,9,4,1,1,True,0.05,True,0.05,True,0.05,85.58,79.93,82.27,80.9,76.38,82.92,79.7,85.2,85.57,79.54,82.76,81.41,75.51,60.65,69.77,76.65,76.38,66.69,76.21,75.93,75.54,76.49,76.33,76.1
448,3,2,3,1,2,True,10,True,10,True,10,85.58,79.93,82.27,80.9,76.38,82.92,79.7,85.2,85.57,79.54,82.76,81.41,80.17,73.5,77.6,71.57,76.38,76.62,76.94,80.14,80.1,79.57,78.73,79.9
446,3,2,3,1,2,True,1,True,1,True,1,85.58,79.93,82.27,80.9,76.38,82.92,79.7,85.2,85.57,79.54,82.76,81.41,77.85,65.58,74.77,31.48,76.38,72.44,76.38,77.81,77.85,76.86,77.36,77.02
442,3,2,3,1,2,True,0.01,True,0.01,True,0.01,85.58,79.93,82.27,80.9,76.38,82.92,79.7,85.2,85.57,79.54,82.76,81.41,76.23,65.54,72.27,22.81,76.38,72.37,76.58,76.34,76.22,76.38,76.38,76.33
444,3,2,3,1,2,True,0.1,True,0.1,True,0.1,85.58,79.93,82.27,80.9,76.38,82.92,79.7,85.2,85.57,79.54,82.76,81.41,77.72,65.57,73.04,75.73,76.38,72.29,76.37,75.86,77.87,76.9,76.37,76.32
466,3,9,4,1,1,True,0.5,True,0.5,True,0.5,85.58,79.93,82.27,80.9,76.38,82.92,79.7,85.2,85.57,79.54,82.76,81.41,76.42,70.14,73.09,74.84,76.38,72.9,76.03,76.35,76.21,76.38,75.85,74.99
468,3,5,4,1,1,True,5,True,5,True,5,85.58,79.93,82.27,80.9,76.38,82.92,79.7,85.2,85.57,79.54,82.76,81.41,80.14,73.85,77.53,76.94,76.38,76.95,71.53,80.1,80.07,79.98,79.02,80.11
469,3,11,4,1,1,True,10,True,10,True,10,85.58,79.93,82.27,80.9,76.38,82.92,79.7,85.2,85.57,79.54,82.76,81.41,80.12,73.61,77.59,76.86,76.38,77.2,78.74,80.14,80.11,79.47,78.71,79.45
470,3,6,4,2,1,True,0.01,True,0.01,True,0.01,85.58,79.93,82.27,80.9,76.38,82.92,79.7,85.2,85.57,79.54,82.76,81.41,76.37,62.4,68.86,65.81,76.38,66.88,74.68,76.38,76.37,76.38,76.38,76.38
472,3,15,4,2,1,True,0.1,True,0.1,True,0.1,85.58,79.93,82.27,80.9,76.38,82.92,79.7,85.2,85.57,79.54,82.76,81.41,75.54,71.79,74.88,31.12,76.38,74.45,32.18,75.47,75.59,76.38,76.26,76.01
474,3,2,4,2,1,True,1,True,1,True,1,85.58,79.93,82.27,80.9,76.38,82.92,79.7,85.2,85.57,79.54,82.76,81.41,76.38,61.65,71.57,75.52,76.38,68.42,76.58,76.38,76.37,76.9,76.38,77.23
476,3,15,4,2,1,True,10,True,10,True,10,85.58,79.93,82.27,80.9,76.38,82.92,79.7,85.2,85.57,79.54,82.76,81.41,80.12,73.09,77.69,43.08,76.38,76.6,35.57,80.1,80.2,79.68,79.14,79.9
452,3,2,3,2,2,True,0.5,True,0.5,True,0.5,85.58,79.93,82.27,80.9,76.38,82.92,79.7,85.2,85.57,79.54,82.76,81.41,80.62,72.11,77.79,32.34,76.38,77.3,26.82,80.57,80.66,76.9,77.15,77.17
450,3,2,3,2,2,True,0.05,True,0.05,True,0.05,85.58,79.93,82.27,80.9,76.38,82.92,79.7,85.2,85.57,79.54,82.76,81.41,76.77,64.54,69.47,63.28,76.38,69.49,24.8,76.59,76.85,76.7,76.26,76.83
454,3,2,3,2,2,True,5,True,5,True,5,85.58,79.93,82.27,80.9,76.38,82.92,79.7,85.2,85.57,79.54,82.76,81.41,78.14,67.82,74.57,44.41,76.38,73.53,75.38,77.88,78.0,77.97,78.03,78.44
484,3,6,4,1,2,True,0.01,True,0.01,True,0.01,85.58,79.93,82.27,80.9,76.38,82.92,79.7,85.2,85.57,79.54,82.76,81.41,77.55,72.64,76.38,75.99,76.38,77.37,76.3,77.98,77.52,76.9,76.61,76.89
486,3,15,4,1,2,True,0.1,True,0.1,True,0.1,85.58,79.93,82.27,80.9,76.38,82.92,79.7,85.2,85.57,79.54,82.76,81.41,82.38,76.78,79.75,78.63,76.38,80.12,27.85,80.82,82.41,76.9,77.99,77.71
490,3,9,4,1,2,True,10,True,10,True,10,85.58,79.93,82.27,80.9,76.38,82.92,79.7,85.2,85.57,79.54,82.76,81.41,80.17,73.59,77.81,76.38,76.38,76.94,60.54,80.2,80.16,80.23,78.79,80.11
488,3,11,4,1,2,True,1,True,1,True,1,85.58,79.93,82.27,80.9,76.38,82.92,79.7,85.2,85.57,79.54,82.76,81.41,78.0,66.91,73.26,77.54,76.38,72.22,27.66,76.03,78.05,76.9,76.37,76.6
443,3,2,3,1,2,True,0.05,True,0.05,True,0.05,85.58,79.93,82.27,80.9,76.38,82.92,79.7,85.2,85.57,79.54,82.76,81.41,76.55,66.76,74.2,23.4,76.38,73.2,76.67,76.4,76.52,76.38,76.38,75.98
447,3,2,3,1,2,True,5,True,5,True,5,85.58,79.93,82.27,80.9,76.38,82.92,79.7,85.2,85.57,79.54,82.76,81.41,76.37,70.99,73.66,73.99,76.38,74.37,70.15,76.75,76.52,77.11,75.82,72.93
445,3,2,3,1,2,True,0.5,True,0.5,True,0.5,85.58,79.93,82.27,80.9,76.38,82.92,79.7,85.2,85.57,79.54,82.76,81.41,76.4,67.37,74.61,63.85,76.38,72.58,76.6,76.37,76.41,76.89,76.37,76.15
456,3,2,3,3,2,True,0.01,True,0.01,True,0.01,85.58,79.93,82.27,80.9,76.38,82.92,79.7,85.2,85.57,79.54,82.76,81.41,39.11,37.93,67.23,56.13,23.62,43.56,23.56,35.75,39.67,75.73,59.7,67.48
453,3,2,3,2,2,True,1,True,1,True,1,85.58,79.93,82.27,80.9,76.38,82.92,79.7,85.2,85.57,79.54,82.76,81.41,78.13,71.1,74.14,70.08,76.38,74.06,71.51,78.1,78.05,76.38,76.37,77.3
455,3,2,3,2,2,True,10,True,10,True,10,85.58,79.93,82.27,80.9,76.38,82.92,79.7,85.2,85.57,79.54,82.76,81.41,76.92,67.55,72.33,78.75,76.38,70.66,70.77,76.78,76.78,77.04,76.15,77.81
449,3,2,3,2,2,True,0.01,True,0.01,True,0.01,85.58,79.93,82.27,80.9,76.38,82.92,79.7,85.2,85.57,79.54,82.76,81.41,75.52,59.78,69.11,46.83,76.38,69.25,76.43,76.2,75.25,76.38,76.36,76.24
451,3,2,3,2,2,True,0.1,True,0.1,True,0.1,85.58,79.93,82.27,80.9,76.38,82.92,79.7,85.2,85.57,79.54,82.76,81.41,77.03,61.96,70.18,74.26,76.38,68.91,23.49,76.17,76.83,76.38,76.38,76.76
463,3,16,4,1,1,True,0.01,True,0.01,True,0.01,85.58,79.93,82.27,80.9,76.38,82.92,79.7,85.2,85.57,79.54,82.76,81.41,79.26,73.26,73.74,75.41,76.38,77.0,76.62,78.66,79.15,76.89,76.88,76.9
465,3,16,4,1,1,True,0.1,True,0.1,True,0.1,85.58,79.93,82.27,80.9,76.38,82.92,79.7,85.2,85.57,79.54,82.76,81.41,75.9,63.37,71.89,30.64,76.38,69.91,76.39,75.74,75.88,76.9,76.38,76.27
458,3,2,3,3,2,True,0.1,True,0.1,True,0.1,85.58,79.93,82.27,80.9,76.38,82.92,79.7,85.2,85.57,79.54,82.76,81.41,74.33,64.56,73.37,73.84,76.38,68.43,76.49,73.04,72.21,76.89,74.18,74.01
460,3,2,3,3,2,True,1,True,1,True,1,85.58,79.93,82.27,80.9,76.38,82.92,79.7,85.2,85.57,79.54,82.76,81.41,81.53,75.78,75.82,77.7,76.38,79.93,75.41,81.49,81.7,76.88,77.88,78.16
461,3,2,3,3,2,True,5,True,5,True,5,85.58,79.93,82.27,80.9,76.38,82.92,79.7,85.2,85.57,79.54,82.76,81.41,83.91,78.43,79.63,77.55,76.38,81.54,67.63,84.08,83.94,76.82,80.5,79.29
462,3,2,3,3,2,True,10,True,10,True,10,85.58,79.93,82.27,80.9,76.38,82.92,79.7,85.2,85.57,79.54,82.76,81.41,82.89,79.66,79.73,77.2,76.38,81.64,76.53,82.46,82.94,76.4,78.23,77.5
459,3,2,3,3,2,True,0.5,True,0.5,True,0.5,85.58,79.93,82.27,80.9,76.38,82.92,79.7,85.2,85.57,79.54,82.76,81.41,80.33,72.32,72.03,75.86,76.38,76.67,24.67,79.47,80.42,76.37,77.35,76.52
457,3,2,3,3,2,True,0.05,True,0.05,True,0.05,85.58,79.93,82.27,80.9,76.38,82.92,79.7,85.2,85.57,79.54,82.76,81.41,74.98,56.96,64.81,62.24,76.38,59.9,74.5,75.72,75.07,76.38,76.09,75.03
467,3,16,4,1,1,True,1,True,1,True,1,85.58,79.93,82.27,80.9,76.38,82.92,79.7,85.2,85.57,79.54,82.76,81.41,76.36,70.1,73.98,55.4,76.38,74.38,28.62,76.68,76.59,76.38,76.01,72.69
477,3,16,4,3,1,True,0.01,True,0.01,True,0.01,85.58,79.93,82.27,80.9,76.38,82.92,79.7,85.2,85.57,79.54,82.76,81.41,25.27,51.29,33.99,22.36,23.62,31.9,76.37,22.53,24.65,36.25,35.49,45.31
479,3,16,4,3,1,True,0.1,True,0.1,True,0.1,85.58,79.93,82.27,80.9,76.38,82.92,79.7,85.2,85.57,79.54,82.76,81.41,75.45,66.18,75.25,23.55,76.38,70.7,76.57,75.68,75.71,76.9,76.37,76.79
480,3,16,4,3,1,True,0.5,True,0.5,True,0.5,85.58,79.93,82.27,80.9,76.38,82.92,79.7,85.2,85.57,79.54,82.76,81.41,78.58,66.68,73.5,74.39,76.38,73.85,76.73,80.09,78.67,76.9,76.62,77.03
478,3,16,4,3,1,True,0.05,True,0.05,True,0.05,85.58,79.93,82.27,80.9,76.38,82.92,79.7,85.2,85.57,79.54,82.76,81.41,71.05,59.56,67.01,67.92,76.38,64.28,75.08,76.02,71.88,76.89,76.71,76.53
475,3,16,4,2,1,True,5,True,5,True,5,85.58,79.93,82.27,80.9,76.38,82.92,79.7,85.2,85.57,79.54,82.76,81.41,76.27,70.6,73.68,73.76,76.38,73.59,76.68,75.92,76.2,76.37,76.09,70.92
473,3,16,4,2,1,True,0.5,True,0.5,True,0.5,85.58,79.93,82.27,80.9,76.38,82.92,79.7,85.2,85.57,79.54,82.76,81.41,76.38,65.56,71.75,49.86,76.38,70.17,75.81,76.38,76.38,76.9,75.89,76.79
471,3,16,4,2,1,True,0.05,True,0.05,True,0.05,85.58,79.93,82.27,80.9,76.38,82.92,79.7,85.2,85.57,79.54,82.76,81.41,80.19,65.25,76.32,77.22,76.38,77.54,23.17,80.19,80.19,77.04,76.89,77.05
481,3,16,4,3,1,True,1,True,1,True,1,85.58,79.93,82.27,80.9,76.38,82.92,79.7,85.2,85.57,79.54,82.76,81.41,80.8,70.83,75.03,71.21,76.38,76.47,76.38,80.14,80.47,76.9,76.62,77.02
483,3,16,4,3,1,True,10,True,10,True,10,85.58,79.93,82.27,80.9,76.38,82.92,79.7,85.2,85.57,79.54,82.76,81.41,83.77,77.0,80.74,77.61,76.38,80.35,78.63,83.48,83.77,77.12,82.21,82.29
482,3,16,4,3,1,True,5,True,5,True,5,85.58,79.93,82.27,80.9,76.38,82.92,79.7,85.2,85.57,79.54,82.76,81.41,83.58,76.35,79.86,70.3,76.38,79.77,78.79,83.59,83.51,77.02,80.81,80.42
485,3,16,4,1,2,True,0.05,True,0.05,True,0.05,85.58,79.93,82.27,80.9,76.38,82.92,79.7,85.2,85.57,79.54,82.76,81.41,82.55,77.21,79.51,76.31,76.38,80.95,24.87,80.56,82.61,76.84,76.7,76.91
489,3,16,4,1,2,True,5,True,5,True,5,85.58,79.93,82.27,80.9,76.38,82.92,79.7,85.2,85.57,79.54,82.76,81.41,77.97,66.3,74.19,79.41,76.38,71.99,76.62,78.42,77.97,76.88,77.01,76.66
487,3,16,4,1,2,True,0.5,True,0.5,True,0.5,85.58,79.93,82.27,80.9,76.38,82.92,79.7,85.2,85.57,79.54,82.76,81.41,79.71,74.22,77.05,36.48,76.38,78.03,68.85,79.14,79.75,76.9,75.15,76.67
494,3,11,4,2,2,True,0.5,True,0.5,True,0.5,85.58,79.93,82.27,80.9,76.38,82.92,79.7,85.2,85.57,79.54,82.76,81.41,76.27,65.94,72.96,75.86,76.38,71.24,76.65,76.88,76.27,76.38,76.38,76.83
493,3,11,4,2,2,True,0.1,True,0.1,True,0.1,85.58,79.93,82.27,80.9,76.38,82.92,79.7,85.2,85.57,79.54,82.76,81.41,76.03,63.82,62.28,29.02,76.38,66.37,76.43,76.38,76.22,76.38,76.38,76.38
492,3,11,4,2,2,True,0.05,True,0.05,True,0.05,85.58,79.93,82.27,80.9,76.38,82.92,79.7,85.2,85.57,79.54,82.76,81.41,78.87,63.25,65.42,76.31,76.38,64.0,76.31,75.03,78.48,76.38,68.45,71.4
497,3,11,4,2,2,True,10,True,10,True,10,85.58,79.93,82.27,80.9,76.38,82.92,79.7,85.2,85.57,79.54,82.76,81.41,82.8,75.04,75.68,32.03,76.38,79.49,71.65,82.85,82.88,76.38,76.65,74.69
495,3,11,4,2,2,True,1,True,1,True,1,85.58,79.93,82.27,80.9,76.38,82.92,79.7,85.2,85.57,79.54,82.76,81.41,80.81,70.44,76.16,29.92,76.38,76.94,76.35,80.53,80.6,76.89,76.88,76.75
491,3,11,4,2,2,True,0.01,True,0.01,True,0.01,85.58,79.93,82.27,80.9,76.38,82.92,79.7,85.2,85.57,79.54,82.76,81.41,76.41,62.26,72.02,73.76,76.38,62.87,26.49,76.26,76.39,76.38,76.33,72.03
496,3,11,4,2,2,True,5,True,5,True,5,85.58,79.93,82.27,80.9,76.38,82.92,79.7,85.2,85.57,79.54,82.76,81.41,76.37,69.8,73.04,78.07,76.38,72.69,67.32,75.99,76.34,76.38,76.0,76.64
502,3,11,4,3,2,True,1,True,1,True,1,85.58,79.93,82.27,80.9,76.38,82.92,79.7,85.2,85.57,79.54,82.76,81.41,81.65,72.0,74.6,68.21,76.38,76.51,76.37,76.98,81.57,76.47,76.38,76.82
503,3,11,4,3,2,True,5,True,5,True,5,85.58,79.93,82.27,80.9,76.38,82.92,79.7,85.2,85.57,79.54,82.76,81.41,84.03,75.54,79.15,34.46,76.38,79.61,64.98,83.0,83.72,76.89,78.03,78.49
501,3,11,4,3,2,True,0.5,True,0.5,True,0.5,85.58,79.93,82.27,80.9,76.38,82.92,79.7,85.2,85.57,79.54,82.76,81.41,80.36,70.26,73.04,78.53,76.38,75.59,27.68,78.42,80.2,76.37,76.37,76.77
500,3,11,4,3,2,True,0.1,True,0.1,True,0.1,85.58,79.93,82.27,80.9,76.38,82.92,79.7,85.2,85.57,79.54,82.76,81.41,77.26,62.4,72.25,76.07,76.38,70.47,24.66,77.89,77.35,76.9,76.73,76.87
499,3,11,4,3,2,True,0.05,True,0.05,True,0.05,85.58,79.93,82.27,80.9,76.38,82.92,79.7,85.2,85.57,79.54,82.76,81.41,76.97,59.66,70.56,79.33,76.38,68.58,76.41,76.46,76.27,76.62,68.97,75.41
498,3,11,4,3,2,True,0.01,True,0.01,True,0.01,85.58,79.93,82.27,80.9,76.38,82.92,79.7,85.2,85.57,79.54,82.76,81.41,47.43,46.23,44.83,26.83,76.38,41.4,24.43,44.63,46.28,24.11,30.89,33.9
504,3,11,4,3,2,True,10,True,10,True,10,85.58,79.93,82.27,80.9,76.38,82.92,79.7,85.2,85.57,79.54,82.76,81.41,83.9,74.71,79.94,79.52,76.38,79.93,76.7,83.76,83.81,77.05,79.24,80.02
